-- MySQL dump 10.13  Distrib 5.7.12, for Win32 (AMD64)
--
-- Host: 127.0.0.1    Database: article
-- ------------------------------------------------------
-- Server version	5.5.5-10.1.9-MariaDB

/*!40101 SET @OLD_CHARACTER_SET_CLIENT=@@CHARACTER_SET_CLIENT */;
/*!40101 SET @OLD_CHARACTER_SET_RESULTS=@@CHARACTER_SET_RESULTS */;
/*!40101 SET @OLD_COLLATION_CONNECTION=@@COLLATION_CONNECTION */;
/*!40101 SET NAMES utf8 */;
/*!40103 SET @OLD_TIME_ZONE=@@TIME_ZONE */;
/*!40103 SET TIME_ZONE='+00:00' */;
/*!40014 SET @OLD_UNIQUE_CHECKS=@@UNIQUE_CHECKS, UNIQUE_CHECKS=0 */;
/*!40014 SET @OLD_FOREIGN_KEY_CHECKS=@@FOREIGN_KEY_CHECKS, FOREIGN_KEY_CHECKS=0 */;
/*!40101 SET @OLD_SQL_MODE=@@SQL_MODE, SQL_MODE='NO_AUTO_VALUE_ON_ZERO' */;
/*!40111 SET @OLD_SQL_NOTES=@@SQL_NOTES, SQL_NOTES=0 */;

--
-- Table structure for table `articles`
--

DROP TABLE IF EXISTS `articles`;
/*!40101 SET @saved_cs_client     = @@character_set_client */;
/*!40101 SET character_set_client = utf8 */;
CREATE TABLE `articles` (
  `id` int(11) NOT NULL AUTO_INCREMENT,
  `article_title` varchar(150) DEFAULT NULL,
  `article_body` longtext,
  `user_id` int(11) DEFAULT NULL,
  `image_path` varchar(300) DEFAULT NULL,
  `date` varchar(200) DEFAULT NULL,
  PRIMARY KEY (`id`)
) ENGINE=InnoDB DEFAULT CHARSET=latin1;
/*!40101 SET character_set_client = @saved_cs_client */;

--
-- Dumping data for table `articles`
--

LOCK TABLES `articles` WRITE;
/*!40000 ALTER TABLE `articles` DISABLE KEYS */;
/*!40000 ALTER TABLE `articles` ENABLE KEYS */;
UNLOCK TABLES;

--
-- Table structure for table `city`
--

DROP TABLE IF EXISTS `city`;
/*!40101 SET @saved_cs_client     = @@character_set_client */;
/*!40101 SET character_set_client = utf8 */;
CREATE TABLE `city` (
  `c_id` int(11) NOT NULL AUTO_INCREMENT,
  `c_name` varchar(100) NOT NULL,
  `c_state_id` int(11) NOT NULL,
  PRIMARY KEY (`c_id`)
) ENGINE=InnoDB AUTO_INCREMENT=3292 DEFAULT CHARSET=latin1;
/*!40101 SET character_set_client = @saved_cs_client */;

--
-- Dumping data for table `city`
--

LOCK TABLES `city` WRITE;
/*!40000 ALTER TABLE `city` DISABLE KEYS */;
INSERT INTO `city` VALUES (1,'Alawalpur',22),(2,'Amargarh',22),(3,'Adampur',22),(4,'Abohar',22),(5,'Ahmedgarh',22),(6,'Amloh',22),(7,'Ajnala',22),(8,'Arniwala Sheikh Subhan',22),(9,'Amritsar',22),(10,'Balin Wali',22),(11,'Bhai Rupa',22),(12,'Bassi Pathana',22),(13,'Budhlada',22),(14,'Bhulath',22),(15,'Begowal',22),(16,'Bhikhiwind',22),(17,'Bhikhi',22),(18,'Bareta',22),(19,'Boha',22),(20,'Batala',22),(21,'Bhogpur',22),(22,'Bariwala',22),(23,'Bhagta bhai ka',22),(24,'Bhucho Mandi',22),(25,'Barnala',22),(26,'Batala',22),(27,'Bagha Purana',22),(28,'Bhadaur',22),(29,'Bathinda',22),(30,'Chaoke',22),(31,'Cheema',22),(32,'Dina Nagar',22),(33,'Dasua',22),(34,'Dirba',22),(35,'Doraha',22),(36,'Dhuri',22),(37,'Dhilwan',22),(38,'Dharamkot',22),(39,'Dhariwal',22),(40,'Dhanaula',22),(41,'Dera Baba Nanak',22),(42,'Faridkot',22),(43,'Fatehgarh Churian',22),(44,'Firozpur',22),(45,'Goniana',22),(46,'Gurdaspur',22),(47,'Garhshankar',22),(48,'Gardhiwala',22),(49,'Goraya',22),(50,'Guru Har Sahai',22),(51,'Gobindgarh',22),(52,'Hoshiarpur',22),(53,'Handiaya',22),(54,'Hariana',22),(55,'Jandiala',22),(56,'Jalalabad',22),(57,'Jalandhar',22),(58,'Jagraon',22),(59,'Joga',22),(60,'Jaitu',22),(61,'Qadian',22),(62,'Kot Kapura',22),(63,'Khamanon',22),(64,'Kapurthala',22),(65,'Kartarpur',22),(66,'Khanna',22),(67,'Khem Karan',22),(68,'Kotha Guru',22),(69,'Kot Shamir',22),(70,'Kot Fatta',22),(71,'Ludhiana',22),(72,'Lohian Khass',22),(73,'Lalru',22),(74,'Lehra Mohabbat',22),(75,'Moga',22),(76,'Maur',22),(78,'Malout',22),(79,'Mehraj',22),(80,'Mehatpur',22),(81,'Mahilpur',22),(82,'Mukerian',22),(83,'Maluka',22),(84,'Mandi Kalan',22),(85,'Majitha',22),(86,'Mallanwala',22),(87,'Makhu',22),(88,'Mudki',22),(89,'Mallanpur Dakha',22),(90,'Malerkotla',22),(91,'Machhiwara',22),(92,'Malaud',22),(93,'Mansa',22),(94,'Nakodar',22),(95,'Nurmahal',22),(96,'Nadala',22),(97,'Nurpur Bedi',22),(98,'Nabha',22),(99,'Nangal',22),(100,'Nathana',22),(101,'Patiala',22),(102,'Patran',22),(103,'Pathankot',22),(104,'Payal',22),(105,'Phagwara',22),(106,'Phillaur',22),(107,'Patti',22),(108,'Rampura',22),(109,'Raman',22),(110,'Rajpura',22),(111,'Raikot',22),(112,'Rampura Phul',22),(113,'Rayya',22),(114,'Rupnagar',22),(115,'Raja Sansi',22),(116,'Ramdas',22),(117,'S.A.S Nagar',22),(118,'Sangat',22),(119,'Sujanpur',22),(120,'Sangrur',22),(121,'Sahnewal',22),(122,'Samarala',22),(123,'Sham Chaurasi',22),(124,'Sri Hargobindpur',22),(125,'Sirhind Fathegarh Sahib',22),(126,'Shahkot',22),(127,'Sanaur',22),(128,'Sardulgarh',22),(129,'Sultanpur',22),(130,'Tapa',22),(132,'Talwandi Bahi',22),(133,'Talwandi Sabo',22),(134,'Talwara',22),(135,'Urmar Tanda',22),(136,'Zira',22),(137,'Zirakpur',22),(138,'Faridabad',9),(139,'Gurugram',9),(140,'Panipat',9),(141,'Ambala',9),(142,'Yamunanagar',9),(143,'Rohtak',9),(144,'Hisar',9),(146,'Sonipat',9),(147,'Panchkula',9),(148,'Bhiwani',9),(149,'Sirsa',9),(150,'Bahadurgarh',9),(151,'Jind',9),(152,'Thanesar',9),(153,'Kaithal',9),(154,'Rewari',9),(155,'Palwal',9),(165,'Jaipur',23),(166,'Jodhpur',23),(167,'Bikaner',23),(168,'Ajmer',23),(169,'Udaipur',23),(170,'Bhilwara',23),(171,'Alwar',23),(172,'Bharatpur',23),(173,'Kota',23),(174,'Sikar',23),(175,'Sri Ganganager',23),(176,'Pali , Rajasthan',23),(177,'Chittorgarh',23),(178,'Tonk',23),(179,'Kishangarh',23),(180,'Beawar',23),(181,'Hanumangarh',23),(182,'Dholpur',23),(183,'Gangapur City',23),(184,'Sawai Madhopur',23),(185,'Churu',23),(186,'Jhunjhunu',23),(188,'Noida',28),(189,'Chandigarh',31),(190,'Mani Majra',31),(191,'Central Delhi',30),(192,'East Delhi',30),(193,'New Delhi',30),(194,'North Delhi',30),(196,'North West Delhi',30),(197,'South Delhi',30),(198,'South West Delhi',30),(199,'West Delhi',30),(200,'Ahmedabad',8),(202,'Amod',8),(203,'Amreli',8),(204,'Anand',8),(205,'Anjar',8),(206,'Ankaleshwar',8),(207,'Babra',8),(208,'Balasinor',8),(209,'Banaskantha',8),(210,'Bansada',8),(211,'Bardoli',8),(212,'Bareja',8),(213,'Baroda',8),(214,'Barwala',8),(215,'Bayad',8),(216,'Bhachav',8),(217,'Bhanvad',8),(218,'Bharuch',8),(219,'Bhavnagar',8),(220,'Bhiloda',8),(221,'Bhuj',8),(222,'Billimora',8),(223,'Borsad',8),(224,'Botad',8),(225,'Chanasma',8),(226,'Chhota Udaipur',8),(227,'Chotila',8),(228,'Dabhoi',8),(229,'Dahod',8),(230,'Damnagar',8),(231,'Dang',8),(232,'Danta',8),(233,'Dasada',8),(234,'Dediapada',8),(235,'Deesa',8),(236,'Dehgam',8),(237,'Deodar',8),(238,'Devgadhbaria',8),(239,'Dhandhuka',8),(240,'Dhanera',8),(241,'Dharampur',8),(242,'Dhari',8),(243,'Dholka',8),(244,'Dhoraji',8),(245,'Dhrangadhra',8),(246,'Dhrol',8),(247,'Dwarka',8),(248,'Fortsongadh',8),(249,'Gadhada',8),(250,'Gandhi Nagar',8),(251,'Afzalpur',13),(252,'Ainapur',13),(253,'Aland',13),(254,'Alur',13),(255,'Anekal',13),(256,'Ankola',13),(257,'Arsikere',13),(258,'Athani',13),(259,'Aurad',13),(260,'Bableshwar',13),(261,'Badami',13),(262,'Bagalkot',13),(263,'Bagepalli',13),(264,'Bailhongal',13),(265,'Bangalore',13),(267,'Bangarpet',13),(268,'Bantwal',13),(269,'Basavakalyan',13),(270,'Basavanabagewadi',13),(271,'Basavapatna',13),(272,'Belgaum',13),(281,'Achhnera',28),(282,'Agra',28),(283,'Akbarpur',28),(284,'Aliganj',28),(285,'Aligarh',28),(286,'Allahabad',28),(287,'Ambedkar Nagar',28),(288,'Amethi',28),(289,'Amiliya',28),(290,'Amroha',28),(291,'Anola',28),(292,'Atrauli',28),(293,'Auraiya',28),(294,'Azamgarh',28),(295,'Baberu',28),(296,'Badaun',28),(297,'Baghpat',28),(298,'Bagpat',28),(299,'Baheri',28),(300,'Bahraich',28),(301,'Almora',27),(302,'Bageshwar',27),(303,'Bhatwari',27),(304,'Chakrata',27),(305,'Chamoli',27),(306,'Champawat',27),(307,'Dehradun',27),(308,'Deoprayag',27),(309,'Dharchula',27),(310,'Dunda',27),(311,'Haldwani',27),(312,'Haridwar',27),(313,'Joshimath',27),(314,'Karan Prayag',27),(315,'Kashipur',27),(316,'Khatima',27),(317,'Kichha',27),(318,'Lansdown',27),(319,'Munsiari',27),(320,'Mussoorie',27),(321,'Pune',16),(322,'Mumbai',16),(323,'Achampet',1),(324,'Adilabad',1),(325,'Adoni',1),(326,'Alampur',1),(327,'Allagadda',1),(328,'Alur',1),(329,'Amalapuram',1),(330,'Amangallu',1),(331,'Anakapalle',1),(332,'Anantapur',1),(333,'Andole',1),(334,'Araku',1),(335,'Armoor',1),(336,'Asifabad',1),(337,'Aswaraopet',1),(338,'Atmakur',1),(339,'BKothakota',1),(340,'Badvel',1),(341,'Banaganapalle',1),(342,'Bandar',1),(343,'Bangarupalem',1),(344,'Banswada',1),(345,'Bapatla',1),(346,'Bellampalli',1),(347,'Bhadrachalam',1),(348,'Bhainsa',1),(349,'Bheemunipatnam',1),(350,'Bhimadole',1),(351,'Bhimavaram',1),(352,'Bhongir',1),(353,'Bhooragamphad',1),(354,'Boath',1),(355,'Bobbili',1),(356,'Bodhan',1),(357,'Chandoor',1),(358,'Chavitidibbalu',1),(359,'Chejerla',1),(360,'Chepurupalli',1),(361,'Cherial',1),(362,'Chevella',1),(363,'Chinnor',1),(364,'Chintalapudi',1),(365,'Chintapalle',1),(366,'Chirala',1),(367,'Chittoor',1),(368,'Chodavaram',1),(369,'Cuddapah',1),(370,'Cumbum',1),(371,'Darsi',1),(372,'Devarakonda',1),(373,'Dharmavaram',1),(374,'Dichpalli',1),(375,'Divi',1),(376,'Donakonda',1),(377,'Dronachalam',1),(378,'EastGodavari',1),(379,'Eluru',1),(380,'Eturnagaram',1),(381,'Gadwal',1),(382,'Gajapathinagaram',1),(383,'Gajwel',1),(384,'Garladinne',1),(385,'Giddalur',1),(386,'Godavari',1),(387,'Gooty',1),(388,'Gudivada',1),(389,'Gudur',1),(390,'Guntur',1),(391,'Hindupur',1),(392,'Hunsabad',1),(393,'Huzurabad',1),(394,'Huzurnagar',1),(395,'Hyderabad',1),(396,'Ibrahimpatnam',1),(397,'Jaggayyapet',1),(398,'Jagtial',1),(399,'Jammalamadugu',1),(400,'Jangaon',1),(401,'Jangareddygudem',1),(402,'Jannaram',1),(403,'Kadiri',1),(404,'Kaikaluru',1),(405,'Kakinada',1),(406,'Kalwakurthy',1),(407,'Kalyandurg',1),(408,'Kamalapuram',1),(409,'Kamareddy',1),(410,'Kambadur',1),(411,'Kanaganapalle',1),(412,'Kandukuru',1),(413,'Kanigiri',1),(414,'Karimnagar',1),(415,'Kavali',1),(416,'Khammam',1),(417,'Khanapur(AP)',1),(418,'Kodangal',1),(419,'Koduru',1),(420,'Koilkuntla',1),(421,'Kollapur',1),(422,'Kothagudem',1),(423,'Kovvur',1),(424,'Krishna',1),(425,'Krosuru',1),(426,'Kuppam',1),(427,'Kurnool',1),(428,'Lakkireddipalli',1),(429,'Madakasira',1),(430,'Madanapalli',1),(431,'Madhira',1),(432,'Madnur',1),(433,'Mahabubabad',1),(434,'Mahabubnagar',1),(435,'Mahadevapur',1),(436,'Makthal',1),(437,'Mancherial',1),(438,'Mandapeta',1),(439,'Mangalagiri',1),(440,'Manthani',1),(441,'Markapur',1),(442,'Marturu',1),(443,'Medachal',1),(444,'Medak',1),(445,'Medarmetla',1),(446,'Metpalli',1),(447,'Mriyalguda',1),(448,'Mulug',1),(449,'Mylavaram',1),(450,'Nagarkurnool',1),(451,'Nalgonda',1),(452,'Nallacheruvu',1),(453,'Nampalle',1),(454,'Nandigama',1),(455,'Nandikotkur',1),(456,'Nandyal',1),(457,'Narasampet',1),(458,'Narasaraopet',1),(459,'Narayanakhed',1),(460,'Narayanpet',1),(461,'Narsapur',1),(462,'Narsipatnam',1),(463,'Nazvidu',1),(464,'Nelloe',1),(465,'Nellore',1),(466,'Nidamanur',1),(467,'Nirmal',1),(468,'Nizamabad',1),(469,'Nuguru',1),(470,'Ongole',1),(471,'Outsarangapalle',1),(472,'Paderu',1),(473,'Pakala',1),(474,'Palakonda',1),(475,'Paland',1),(476,'Palmaneru',1),(477,'Pamuru',1),(478,'Pargi',1),(479,'Parkal',1),(480,'Parvathipuram',1),(481,'Pathapatnam',1),(482,'Pattikonda',1),(483,'Peapalle',1),(484,'Peddapalli',1),(485,'Peddapuram',1),(486,'Penukonda',1),(487,'Piduguralla',1),(488,'Piler',1),(489,'Pithapuram',1),(490,'Podili',1),(491,'Polavaram',1),(492,'Prakasam',1),(493,'Proddatur',1),(494,'Pulivendla',1),(495,'Punganur',1),(496,'Putturu',1),(497,'Rajahmundri',1),(498,'Rajampeta',1),(499,'Ramachandrapuram',1),(500,'Ramannapet',1),(501,'Rampachodavaram',1),(502,'Rangareddy',1),(503,'Rapur',1),(504,'Rayachoti',1),(505,'Rayadurg',1),(506,'Razole',1),(507,'Repalle',1),(508,'Saluru',1),(509,'Sangareddy',1),(510,'Sathupalli',1),(511,'Sattenapalle',1),(512,'Satyavedu',1),(513,'Shadnagar',1),(514,'Siddavattam',1),(515,'Siddipet',1),(516,'Sileru',1),(517,'Sircilla',1),(518,'SirpurKagaznagar',1),(519,'Sodam',1),(520,'Sompeta',1),(521,'Srikakulam',1),(522,'Srikalahasthi',1),(523,'Srisailam',1),(524,'Srungavarapukota',1),(525,'Sudhimalla',1),(526,'Sullarpet',1),(527,'Tadepalligudem',1),(528,'Tadipatri',1),(529,'Tanduru',1),(530,'Tanuku',1),(531,'Tekkali',1),(532,'Tenali',1),(533,'Thungaturthy',1),(534,'Tirivuru',1),(535,'Tirupathi',1),(536,'Tuni',1),(537,'Udaygiri',1),(538,'Ulvapadu',1),(539,'Uravakonda',1),(540,'Utnor',1),(541,'V.RPuram',1),(542,'Vaimpalli',1),(543,'Vayalpad',1),(544,'Venkatgiri',1),(545,'Venkatgirikota',1),(546,'Vijayawada',1),(547,'Vikrabad',1),(548,'Vinjamuru',1),(549,'Vinukonda',1),(550,'Visakhapatnam',1),(551,'Vizayanagaram',1),(552,'Vizianagaram',1),(553,'Vuyyuru',1),(554,'Wanaparthy',1),(555,'Warangal',1),(556,'Wardhannapet',1),(557,'Yelamanchili',1),(558,'Yelavaram',1),(559,'Yeleswaram',1),(560,'Yellandu',1),(561,'Yellanuru',1),(562,'Yellareddy',1),(563,'Yerragondapalem',1),(564,'Zahirabad',1),(565,'Along',2),(566,'Anini',2),(567,'Anjaw',2),(568,'Bameng',2),(569,'Basar',2),(570,'Changlang',2),(571,'Chowkhem',2),(572,'Daporizo',2),(573,'DibangValley',2),(574,'Dirang',2),(575,'Hayuliang',2),(576,'Huri',2),(577,'Itanagar',2),(578,'Jairampur',2),(579,'Kalaktung',2),(580,'Kameng',2),(581,'Khonsa',2),(582,'Kolaring',2),(583,'KurungKumey',2),(584,'Lohit',2),(585,'LowerDibangValley',2),(586,'LowerSubansiri',2),(587,'Mariyang',2),(588,'Mechuka',2),(589,'Miao',2),(590,'Nefra',2),(591,'Pakkekesang',2),(592,'Pangin',2),(593,'PapumPare',2),(594,'Passighat',2),(595,'Roing',2),(596,'Sagalee',2),(597,'Seppa',2),(598,'Siang',2),(599,'Tali',2),(600,'Taliha',2),(601,'Tawang',2),(602,'Tezu',2),(603,'Tirap',2),(604,'Tuting',2),(605,'UpperSiang',2),(606,'UpperSubansiri',2),(607,'YiangKiag',2),(608,'Abhayapuri',3),(609,'Baithalangshu',3),(610,'Barama',3),(611,'Barpeta Road',3),(612,'Bihupuria',3),(613,'Bijni',3),(614,'Bilasipara',3),(615,'Bokajan',3),(616,'Bokakhat',3),(617,'Boko',3),(618,'Bongaigaon',3),(619,'Cachar',3),(620,'Cachar Hills',3),(621,'Darrang',3),(622,'Dhakuakhana',3),(623,'Dhemaji',3),(624,'Dhubri',3),(625,'Dibrugarh',3),(626,'Digboi',3),(627,'Diphu',3),(628,'Goalpara',3),(629,'Gohpur',3),(630,'Golaghat',3),(631,'Guwahati',3),(632,'Hailakandi',3),(633,'Hajo',3),(634,'Halflong',3),(635,'Hojai',3),(636,'Howraghat',3),(637,'Jorhat',3),(638,'Kamrup',3),(639,'Karbi Anglong',3),(640,'Karimganj',3),(641,'Kokarajhar',3),(642,'Kokrajhar',3),(643,'Lakhimpur',3),(644,'Maibong',3),(645,'Majuli',3),(646,'Mangaldoi',3),(647,'Mariani',3),(648,'Marigaon',3),(649,'Moranhat',3),(650,'Morigaon',3),(651,'Nagaon',3),(652,'Nalbari',3),(653,'Rangapara',3),(654,'Sadiya',3),(655,'Sibsagar',3),(656,'Silchar',3),(657,'Sivasagar',3),(658,'Sonitpur',3),(659,'Tarabarihat',3),(660,'Tezpur',3),(661,'Tinsukia',3),(662,'Udalgiri',3),(663,'Udalguri',3),(664,'UdarbondhBarpeta',3),(665,'Adhaura',4),(666,'Amarpur',4),(667,'Araria',4),(668,'Areraj',4),(669,'Arrah',4),(670,'Arwal',4),(671,'Aurangabad',4),(672,'Bagaha',4),(673,'Banka',4),(674,'Banmankhi',4),(675,'Barachakia',4),(676,'Barauni',4),(677,'Barh',4),(678,'Barosi',4),(679,'Begusarai',4),(680,'Benipatti',4),(681,'Benipur',4),(682,'Bettiah',4),(683,'Bhabhua',4),(684,'Bhagalpur',4),(685,'Bhojpur',4),(686,'Bidupur',4),(687,'Biharsharif',4),(688,'Bikram',4),(689,'Bikramganj',4),(690,'Birpur',4),(691,'Buxar',4),(692,'Chakai',4),(693,'Champaran',4),(694,'Chapara',4),(695,'Dalsinghsarai',4),(696,'Danapur',4),(697,'Darbhanga',4),(698,'Daudnagar',4),(699,'Dhaka',4),(700,'Dhamdaha',4),(701,'Dumraon',4),(702,'Ekma',4),(703,'Forbesganj',4),(704,'Gaya',4),(705,'Gogri',4),(706,'Gopalganj',4),(707,'H.Kharagpur',4),(708,'Hajipur',4),(709,'Hathua',4),(710,'Hilsa',4),(711,'Imamganj',4),(712,'Jahanabad',4),(713,'Jainagar',4),(714,'Jamshedpur',4),(715,'Jamui',4),(716,'Jehanabad',4),(717,'Jhajha',4),(718,'Jhanjharpur',4),(719,'Kahalgaon',4),(720,'Kaimur(Bhabua)',4),(721,'Katihar',4),(722,'Katoria',4),(723,'Khagaria',4),(724,'Kishanganj',4),(725,'Korha',4),(726,'Lakhisarai',4),(727,'Madhepura',4),(728,'Madhubani',4),(729,'Maharajganj',4),(730,'Mahua',4),(731,'Mairwa',4),(732,'Mallehpur',4),(733,'Masrakh',4),(734,'Mohania',4),(735,'Monghyr',4),(736,'Motihari',4),(737,'Motipur',4),(738,'Munger',4),(739,'Muzaffarpur',4),(740,'Nabinagar',4),(741,'Nalanda',4),(742,'Narkatiaganj',4),(743,'Naugachia',4),(744,'Nawada',4),(745,'Pakribarwan',4),(746,'Pakridayal',4),(747,'Patna',4),(748,'Phulparas',4),(749,'Piro',4),(750,'Pupri',4),(751,'Purena',4),(752,'Purnia',4),(753,'Rafiganj',4),(754,'Rajauli',4),(755,'Ramnagar',4),(756,'Raniganj',4),(757,'Raxaul',4),(758,'Rohtas',4),(759,'Rosera',4),(760,'S.Bakhtiarpur',4),(761,'Saharsa',4),(762,'Samastipur',4),(763,'Saran',4),(764,'Sasaram',4),(765,'Seikhpura',4),(766,'Sheikhpura',4),(767,'Sheohar',4),(768,'Sherghati',4),(769,'Sidhawalia',4),(770,'Singhwara',4),(771,'Sitamarhi',4),(772,'Siwan',4),(773,'Sonepur',4),(774,'Supaul',4),(775,'Thakurganj',4),(776,'Triveniganj',4),(777,'Udakishanganj',4),(778,'Vaishali',4),(779,'Wazirganj',4),(780,'Ambikapur',5),(781,'Antagarh',5),(782,'Arang',5),(783,'Bacheli',5),(784,'Bagbahera',5),(785,'Bagicha',5),(786,'Baikunthpur',5),(787,'Balod',5),(788,'Balodabazar',5),(789,'Balrampur',5),(790,'Barpalli',5),(791,'Basana',5),(792,'Bastanar',5),(793,'Bastar',5),(794,'Bderajpur',5),(795,'Bemetara',5),(796,'Berla',5),(797,'Bhairongarh',5),(798,'Bhanupratappur',5),(799,'Bharathpur',5),(800,'Bhatapara',5),(801,'Bhilai',5),(802,'Bhilaigarh',5),(803,'Bhopalpatnam',5),(804,'Bijapur',5),(805,'Bilaspur',5),(806,'Bodla',5),(807,'Bokaband',5),(808,'Chandipara',5),(809,'Chhinagarh',5),(810,'Chhuriakala',5),(811,'Chingmut',5),(812,'Chuikhadan',5),(813,'Dabhara',5),(814,'Dallirajhara',5),(815,'Dantewada',5),(816,'Deobhog',5),(817,'Dhamda',5),(818,'Dhamtari',5),(819,'Dharamjaigarh',5),(820,'Dongargarh',5),(821,'Durg',5),(822,'Durgakondal',5),(823,'Fingeshwar',5),(824,'Gariaband',5),(825,'Garpa',5),(826,'Gharghoda',5),(827,'Gogunda',5),(828,'Ilamidi',5),(829,'Jagdalpur',5),(830,'Janjgir',5),(831,'Janjgir-Champa',5),(832,'Jarwa',5),(833,'Jashpur',5),(834,'Jashpurnagar',5),(835,'Kabirdham-Kawardha',5),(836,'Kanker',5),(837,'Kasdol',5),(838,'Kathdol',5),(839,'Kathghora',5),(840,'Kawardha',5),(841,'Keskal',5),(842,'Khairgarh',5),(843,'Kondagaon',5),(844,'Konta',5),(845,'Korba',5),(846,'Korea',5),(847,'Kota',5),(848,'Koyelibeda',5),(849,'Kuakunda',5),(850,'Kunkuri',5),(851,'Kurud',5),(852,'Lohadigundah',5),(853,'Lormi',5),(854,'Luckwada',5),(855,'Mahasamund',5),(856,'Makodi',5),(857,'Manendragarh',5),(858,'Manpur',5),(859,'Marwahi',5),(860,'Mohla',5),(861,'Mungeli',5),(862,'Nagri',5),(863,'Narainpur',5),(864,'Narayanpur',5),(865,'Neora',5),(866,'Netanar',5),(867,'Odgi',5),(868,'Padamkot',5),(869,'Pakhanjur',5),(870,'Pali',5),(871,'Pandaria',5),(872,'Pandishankar',5),(873,'Parasgaon',5),(874,'Pasan',5),(875,'Patan',5),(876,'Pathalgaon',5),(877,'Pendra',5),(878,'Pratappur',5),(879,'Premnagar',5),(880,'Raigarh',5),(881,'Raipur',5),(882,'Rajnandgaon',5),(883,'Rajpur',5),(884,'Ramchandrapur',5),(885,'Saraipali',5),(886,'Saranggarh',5),(887,'Sarona',5),(888,'Semaria',5),(889,'Shakti',5),(890,'Sitapur',5),(891,'Sukma',5),(892,'Surajpur',5),(893,'Surguja',5),(894,'Tapkara',5),(895,'Toynar',5),(896,'Udaipur',5),(897,'Uproda',5),(898,'Wadrainagar',5),(899,'Brancavare',6),(900,'Dagasi',6),(901,'Daman',6),(902,'Diu',6),(903,'Magarvara',6),(904,'Nagwa',6),(905,'Pariali',6),(906,'Passo Covo',6),(907,'Canacona',7),(908,'Candolim',7),(909,'Chinchinim',7),(910,'Cortalim',7),(911,'Goa',7),(912,'Jua',7),(913,'Madgaon',7),(914,'Mahem',7),(915,'Mapuca',7),(916,'Marmagao',7),(917,'Panji',7),(918,'Ponda',7),(919,'Sanvordem',7),(920,'Terekhol',7),(922,'Ahwa',8),(972,'Gariadhar',8),(973,'Godhra',8),(974,'Gogodar',8),(975,'Gondal',8),(976,'Halol',8),(977,'Halvad',8),(978,'Harij',8),(979,'Himatnagar',8),(980,'Idar',8),(981,'Jambusar',8),(982,'Jamjodhpur',8),(983,'Jamkalyanpur',8),(984,'Jamnagar',8),(985,'Jasdan',8),(986,'Jetpur',8),(987,'Jhagadia',8),(988,'Jhalod',8),(989,'Jodia',8),(990,'Junagadh',8),(991,'Junagarh',8),(992,'Kalawad',8),(993,'Kalol',8),(994,'Kapad Wanj',8),(995,'Keshod',8),(996,'Khambat',8),(997,'Khambhalia',8),(998,'Khavda',8),(999,'Kheda',8),(1000,'Khedbrahma',8),(1001,'Kheralu',8),(1002,'Kodinar',8),(1003,'Kotdasanghani',8),(1004,'Kunkawav',8),(1005,'Kutch',8),(1006,'Kutchmandvi',8),(1007,'Kutiyana',8),(1008,'Lakhpat',8),(1009,'Lakhtar',8),(1010,'Lalpur',8),(1011,'Limbdi',8),(1012,'Limkheda',8),(1013,'Lunavada',8),(1014,'M.M.Mangrol',8),(1015,'Mahuva',8),(1016,'Malia-Hatina',8),(1017,'Maliya',8),(1018,'Malpur',8),(1019,'Manavadar',8),(1020,'Mandvi',8),(1021,'Mangrol',8),(1022,'Mehmedabad',8),(1023,'Mehsana',8),(1024,'Miyagam',8),(1025,'Modasa',8),(1026,'Morvi',8),(1027,'Muli',8),(1028,'Mundra',8),(1029,'Nadiad',8),(1030,'Nakhatrana',8),(1031,'Nalia',8),(1032,'Narmada',8),(1033,'Naswadi',8),(1034,'Navasari',8),(1035,'Nizar',8),(1036,'Okha',8),(1037,'Paddhari',8),(1038,'Padra',8),(1039,'Palanpur',8),(1040,'Palitana',8),(1041,'Panchmahals',8),(1042,'Patan',8),(1043,'Pavijetpur',8),(1044,'Porbandar',8),(1045,'Prantij',8),(1046,'Radhanpur',8),(1047,'Rahpar',8),(1048,'Rajaula',8),(1049,'Rajkot',8),(1050,'Rajpipla',8),(1051,'Ranavav',8),(1052,'Sabarkantha',8),(1053,'Sanand',8),(1054,'Sankheda',8),(1055,'Santalpur',8),(1056,'Santrampur',8),(1057,'Savarkundla',8),(1058,'Savli',8),(1059,'Sayan',8),(1060,'Sayla',8),(1061,'Shehra',8),(1062,'Sidhpur',8),(1063,'Sihor',8),(1064,'Sojitra',8),(1065,'Sumrasar',8),(1066,'Surat',8),(1067,'Surendranagar',8),(1068,'Talaja',8),(1069,'Thara',8),(1070,'Tharad',8),(1071,'Thasra',8),(1072,'Una-Diu',8),(1073,'Upleta',8),(1074,'Vadgam',8),(1075,'Vadodara',8),(1076,'Valia',8),(1077,'Vallabhipur',8),(1078,'Valod',8),(1079,'Valsad',8),(1080,'Vanthali',8),(1081,'Vapi',8),(1082,'Vav',8),(1083,'Veraval',8),(1084,'Vijapur',8),(1085,'Viramgam',8),(1086,'Visavadar',8),(1087,'Visnagar',8),(1088,'Vyara',8),(1089,'Waghodia',8),(1090,'Wankaner',8),(1091,'Adampur Mandi',9),(1093,'Assandh',9),(1095,'Barara',9),(1096,'Barwala',9),(1097,'Bawal',9),(1098,'Bawanikhera',9),(1100,'Charkhidadri',9),(1101,'Cheeka',9),(1102,'Chhachrauli',9),(1103,'Dabwali',9),(1104,'Ellenabad',9),(1106,'Fatehabad',9),(1107,'Ferojpur Jhirka',9),(1108,'Gharaunda',9),(1109,'Gohana',9),(1110,'Gurgaon',9),(1111,'Hansi',9),(1113,'Jagadhari',9),(1114,'Jatusana',9),(1115,'Jhajjar',9),(1117,'Julana',9),(1119,'Kalanaur',9),(1120,'Kalanwali',9),(1121,'Kalka',9),(1122,'Karnal',9),(1123,'Kosli',9),(1124,'Kurukshetra',9),(1125,'Loharu',9),(1126,'Mahendragarh',9),(1127,'Meham',9),(1128,'Mewat',9),(1129,'Mohindergarh',9),(1130,'Naraingarh',9),(1131,'Narnaul',9),(1132,'Narwana',9),(1133,'Nilokheri',9),(1134,'Nuh',9),(1138,'Pehowa',9),(1139,'Ratia',9),(1142,'Safidon',9),(1144,'Siwani',9),(1146,'Tohana',9),(1147,'Tohsam',9),(1149,'Amb',10),(1150,'Arki',10),(1151,'Banjar',10),(1152,'Bharmour',10),(1153,'Bilaspur',10),(1154,'Chamba',10),(1155,'Churah',10),(1156,'Dalhousie',10),(1157,'Dehra Gopipur',10),(1158,'Hamirpur',10),(1159,'Jogindernagar',10),(1160,'Kalpa',10),(1161,'Kangra',10),(1162,'Kinnaur',10),(1163,'Kullu',10),(1164,'Lahaul',10),(1165,'Mandi',10),(1166,'Nahan',10),(1167,'Nalagarh',10),(1168,'Nirmand',10),(1169,'Nurpur',10),(1170,'Palampur',10),(1171,'Pangi',10),(1172,'Paonta',10),(1173,'Pooh',10),(1174,'Rajgarh',10),(1175,'Rampur Bushahar',10),(1176,'Rohru',10),(1177,'Shimla',10),(1178,'Sirmaur',10),(1179,'Solan',10),(1180,'Spiti',10),(1181,'Sundernagar',10),(1182,'Theog',10),(1183,'Udaipur',10),(1184,'Una',10),(1185,'Akhnoor',11),(1186,'Anantnag',11),(1187,'Badgam',11),(1188,'Bandipur',11),(1189,'Baramulla',11),(1190,'Basholi',11),(1191,'Bedarwah',11),(1192,'Budgam',11),(1193,'Doda',11),(1194,'Gulmarg',11),(1195,'Jammu',11),(1196,'Kalakot',11),(1197,'Kargil',11),(1198,'Karnah',11),(1199,'Kathua',11),(1200,'Kishtwar',11),(1201,'Kulgam',11),(1202,'Kupwara',11),(1203,'Leh',11),(1204,'Mahore',11),(1205,'Nagrota',11),(1206,'Nobra',11),(1207,'Nowshera',11),(1208,'Nyoma',11),(1209,'Padam',11),(1210,'Pahalgam',11),(1211,'Patnitop',11),(1212,'Poonch',11),(1213,'Pulwama',11),(1214,'Rajouri',11),(1215,'Ramban',11),(1216,'Ramnagar',11),(1217,'Reasi',11),(1218,'Samba',11),(1219,'Srinagar',11),(1220,'Udhampur',11),(1221,'Vaishno Devi',11),(1222,'Bagodar',12),(1223,'Baharagora',12),(1224,'Balumath',12),(1225,'Barhi',12),(1226,'Barkagaon',12),(1227,'Barwadih',12),(1228,'Basia',12),(1229,'Bermo',12),(1230,'Bhandaria',12),(1231,'Bhawanathpur',12),(1232,'Bishrampur',12),(1233,'Bokaro',12),(1234,'Bolwa',12),(1235,'Bundu',12),(1236,'Chaibasa',12),(1237,'Chainpur',12),(1238,'Chakardharpur',12),(1239,'Chandil',12),(1240,'Chatra',12),(1241,'Chavparan',12),(1242,'Daltonganj',12),(1243,'Deoghar',12),(1244,'Dhanbad',12),(1245,'Dumka',12),(1246,'Dumri',12),(1247,'Garhwa',12),(1248,'Garu',12),(1249,'Ghaghra',12),(1250,'Ghatsila',12),(1251,'Giridih',12),(1252,'Godda',12),(1253,'Gomia',12),(1254,'Govindpur',12),(1255,'Gumla',12),(1256,'Hazaribagh',12),(1257,'Hunterganj',12),(1258,'Ichak',12),(1259,'Itki',12),(1260,'Jagarnathpur',12),(1261,'Jamshedpur',12),(1262,'Jamtara',12),(1263,'Japla',12),(1264,'Jharmundi',12),(1265,'Jhinkpani',12),(1266,'Jhumaritalaiya',12),(1267,'Kathikund',12),(1268,'Kharsawa',12),(1269,'Khunti',12),(1270,'Koderma',12),(1271,'Kolebira',12),(1272,'Latehar',12),(1273,'Lohardaga',12),(1274,'Madhupur',12),(1275,'Mahagama',12),(1276,'Maheshpur Raj',12),(1277,'Mandar',12),(1278,'Mandu',12),(1279,'Manoharpur',12),(1280,'Muri',12),(1281,'Nagarutatri',12),(1282,'Nala',12),(1283,'Noamundi',12),(1284,'Pakur',12),(1285,'Palamu',12),(1286,'Palkot',12),(1287,'Patan',12),(1288,'Rajdhanwar',12),(1289,'Rajmahal',12),(1290,'Ramgarh',12),(1291,'Ranchi',12),(1292,'Sahibganj',12),(1293,'Saraikela',12),(1294,'Simaria',12),(1295,'Simdega',12),(1296,'Singhbhum',12),(1297,'Tisri',12),(1298,'Torpa',12),(1314,'Bangalore Rural',13),(1321,'Bellary',13),(1322,'Belthangady',13),(1323,'Belur',13),(1324,'Bhadravati',13),(1325,'Bhalki',13),(1326,'Bhatkal',13),(1327,'Bidar',13),(1328,'Bijapur',13),(1329,'Biligi',13),(1330,'Chadchan',13),(1331,'Challakere',13),(1332,'Chamrajnagar',13),(1333,'Channagiri',13),(1334,'Channapatna',13),(1335,'Channarayapatna',13),(1336,'Chickmagalur',13),(1337,'Chikballapur',13),(1338,'Chikkaballapur',13),(1339,'Chikkanayakanahalli',13),(1340,'Chikkodi',13),(1341,'Chikmagalur',13),(1342,'Chincholi',13),(1343,'Chintamani',13),(1344,'Chitradurga',13),(1345,'Chittapur',13),(1346,'Cowdahalli',13),(1347,'Davanagere',13),(1348,'Deodurga',13),(1349,'Devangere',13),(1350,'Devarahippargi',13),(1351,'Dharwad',13),(1352,'Doddaballapur',13),(1353,'Gadag',13),(1354,'Gangavathi',13),(1355,'Gokak',13),(1356,'Gowribdanpur',13),(1357,'Gubbi',13),(1358,'Gulbarga',13),(1359,'Gundlupet',13),(1360,'H.B.Halli',13),(1361,'H.DKote',13),(1362,'Haliyal',13),(1363,'Hampi',13),(1364,'Hangal',13),(1365,'Harapanahalli',13),(1366,'Hassan',13),(1367,'Haveri',13),(1368,'Hebri',13),(1369,'Hirekerur',13),(1370,'Hiriyur',13),(1371,'Holalkere',13),(1372,'Holenarsipur',13),(1373,'Honnali',13),(1374,'Honnavar',13),(1375,'Hosadurga',13),(1376,'Hosakote',13),(1377,'Hosanagara',13),(1378,'Hospet',13),(1379,'Hubli',13),(1380,'Hukkeri',13),(1381,'Humnabad',13),(1382,'Hungund',13),(1383,'Hunsagi',13),(1384,'Hunsur',13),(1385,'Huvinahadagali',13),(1386,'Indi',13),(1387,'Jagalur',13),(1388,'Jamkhandi',13),(1389,'Jewargi',13),(1390,'Joida',13),(1391,'K.RNagar',13),(1392,'Kadur',13),(1393,'Kalghatagi',13),(1394,'Kamalapur',13),(1395,'Kanakapura',13),(1396,'Kannada',13),(1397,'Kargal',13),(1398,'Karkala',13),(1399,'Karwar',13),(1400,'Khanapur',13),(1401,'Kodagu',13),(1402,'Kolar',13),(1403,'Kollegal',13),(1404,'Koppa',13),(1405,'Koppal',13),(1406,'Koratageri',13),(1407,'Krishnarajapet',13),(1408,'Kudligi',13),(1409,'Kumta',13),(1410,'Kundapur',13),(1411,'Kundgol',13),(1412,'Kunigal',13),(1413,'Kurugodu',13),(1414,'Kustagi',13),(1415,'Lingsugur',13),(1416,'Madikeri',13),(1417,'Madugiri',13),(1418,'Malavalli',13),(1419,'Malur',13),(1420,'Mandya',13),(1421,'Mangalore',13),(1422,'Manipal',13),(1423,'Manvi',13),(1424,'Mashal',13),(1425,'Molkalmuru',13),(1426,'Mudalgi',13),(1427,'Muddebihal',13),(1428,'Mudhol',13),(1429,'Mudigere',13),(1430,'Mulbagal',13),(1431,'Mundagod',13),(1432,'Mundargi',13),(1433,'Murugod',13),(1434,'Mysore',13),(1435,'Nagamangala',13),(1436,'Nanjangud',13),(1437,'Nargund',13),(1438,'Narsimrajapur',13),(1439,'Navalgund',13),(1440,'Nelamangala',13),(1441,'Nimburga',13),(1442,'Pandavapura',13),(1443,'Pavagada',13),(1444,'Puttur',13),(1445,'Raibag',13),(1446,'Raichur',13),(1447,'Ramdurg',13),(1448,'Ranebennur',13),(1449,'Ron',13),(1450,'Sagar',13),(1451,'Sakleshpur',13),(1452,'Salkani',13),(1453,'Sandur',13),(1454,'Saundatti',13),(1455,'Savanur',13),(1456,'Sedam',13),(1457,'Shahapur',13),(1458,'Shankarnarayana',13),(1459,'Shikaripura',13),(1460,'Shimoga',13),(1461,'Shirahatti',13),(1462,'Shorapur',13),(1463,'Siddapur',13),(1464,'Sidlaghatta',13),(1465,'Sindagi',13),(1466,'Sindhanur',13),(1467,'Sira',13),(1468,'Sirsi',13),(1469,'Siruguppa',13),(1470,'Somwarpet',13),(1471,'Sorab',13),(1472,'Sringeri',13),(1473,'Sriniwaspur',13),(1474,'Srirangapatna',13),(1475,'Sullia',13),(1476,'TNarsipur',13),(1477,'Tallak',13),(1478,'Tarikere',13),(1479,'Telgi',13),(1480,'Thirthahalli',13),(1481,'Tiptur',13),(1482,'Tumkur',13),(1483,'Turuvekere',13),(1484,'Udupi',13),(1485,'Virajpet',13),(1486,'Wadi',13),(1487,'Yadgiri',13),(1488,'Yelburga',13),(1489,'Yellapur',13),(1490,'Adimaly',14),(1491,'Adoor',14),(1492,'Agathy',14),(1493,'Alappuzha',14),(1494,'Alathur',14),(1495,'Alleppey',14),(1496,'Alwaye',14),(1497,'Amini',14),(1498,'Androth',14),(1499,'Attingal',14),(1500,'Badagara',14),(1501,'Bitra',14),(1502,'Calicut',14),(1503,'Cannanore',14),(1504,'Chetlet',14),(1505,'Ernakulam',14),(1506,'Idukki',14),(1507,'Irinjalakuda',14),(1508,'Kadamath',14),(1509,'Kalpeni',14),(1510,'Kalpetta',14),(1511,'Kanhangad',14),(1512,'Kanjirapally',14),(1513,'Kannur',14),(1514,'Karungapally',14),(1515,'Kasargode',14),(1516,'Kavarathy',14),(1517,'Kiltan',14),(1518,'Kochi',14),(1519,'Koduvayur',14),(1520,'Kollam',14),(1521,'Kottayam',14),(1522,'Kovalam',14),(1523,'Kozhikode',14),(1524,'Kunnamkulam',14),(1525,'Malappuram',14),(1526,'Mananthodi',14),(1527,'Manjeri',14),(1528,'Mannarghat',14),(1529,'Mavelikkara',14),(1530,'Minicoy',14),(1531,'Munnar',14),(1532,'Muvattupuzha',14),(1533,'Nedumandad',14),(1534,'Nedumgandam',14),(1535,'Nilambur',14),(1536,'Palai',14),(1537,'Palakkad',14),(1538,'Palghat',14),(1539,'Pathaanamthitta',14),(1540,'Pathanamthitta',14),(1541,'Payyanur',14),(1542,'Peermedu',14),(1543,'Perinthalmanna',14),(1544,'Perumbavoor',14),(1545,'Punalur',14),(1546,'Quilon',14),(1547,'Ranni',14),(1548,'Shertallai',14),(1549,'Shoranur',14),(1550,'Taliparamba',14),(1551,'Tellicherry',14),(1552,'Thiruvananthapuram',14),(1553,'Thodupuzha',14),(1554,'Thrissur',14),(1555,'Tirur',14),(1556,'Tiruvalla',14),(1557,'Trichur',14),(1558,'Trivandrum',14),(1559,'Uppala',14),(1560,'Vadakkanchery',14),(1561,'Vikom',14),(1562,'Wayanad',14),(1563,'Agar',15),(1564,'Ajaigarh',15),(1565,'Alirajpur',15),(1566,'Amarpatan',15),(1567,'Amarwada',15),(1568,'Ambah',15),(1569,'Anuppur',15),(1570,'Arone',15),(1571,'Ashoknagar',15),(1572,'Ashta',15),(1573,'Atner',15),(1574,'Babaichichli',15),(1575,'Badamalhera',15),(1576,'Badarwsas',15),(1577,'Badnagar',15),(1578,'Badnawar',15),(1579,'Badwani',15),(1580,'Bagli',15),(1581,'Baihar',15),(1582,'Balaghat',15),(1583,'Baldeogarh',15),(1584,'Baldi',15),(1585,'Bamori',15),(1586,'Banda',15),(1587,'Bandhavgarh',15),(1588,'Bareli',15),(1589,'Baroda',15),(1590,'Barwaha',15),(1591,'Barwani',15),(1592,'Batkakhapa',15),(1593,'Begamganj',15),(1594,'Beohari',15),(1595,'Berasia',15),(1596,'Berchha',15),(1597,'Betul',15),(1598,'Bhainsdehi',15),(1599,'Bhander',15),(1600,'Bhanpura',15),(1601,'Bhikangaon',15),(1602,'Bhimpur',15),(1603,'Bhind',15),(1604,'Bhitarwar',15),(1605,'Bhopal',15),(1606,'Biaora',15),(1607,'Bijadandi',15),(1608,'Bijawar',15),(1609,'Bijaypur',15),(1610,'Bina',15),(1611,'Birsa',15),(1612,'Birsinghpur',15),(1613,'Budhni',15),(1614,'Burhanpur',15),(1615,'Buxwaha',15),(1616,'Chachaura',15),(1617,'Chanderi',15),(1618,'Chaurai',15),(1619,'Chhapara',15),(1620,'Chhatarpur',15),(1621,'Chhindwara',15),(1622,'Chicholi',15),(1623,'Chitrangi',15),(1624,'Churhat',15),(1625,'Dabra',15),(1626,'Damoh',15),(1627,'Datia',15),(1628,'Deori',15),(1629,'Deosar',15),(1630,'Depalpur',15),(1631,'Dewas',15),(1632,'Dhar',15),(1633,'Dharampuri',15),(1634,'Dindori',15),(1635,'Gadarwara',15),(1636,'Gairatganj',15),(1637,'Ganjbasoda',15),(1638,'Garoth',15),(1639,'Ghansour',15),(1640,'Ghatia',15),(1641,'Ghatigaon',15),(1642,'Ghorandogri',15),(1643,'Ghughari',15),(1644,'Gogaon',15),(1645,'Gohad',15),(1646,'Goharganj',15),(1647,'Gopalganj',15),(1648,'Gotegaon',15),(1649,'Gourihar',15),(1650,'Guna',15),(1651,'Gunnore',15),(1652,'Gwalior',15),(1653,'Gyraspur',15),(1654,'Hanumana',15),(1655,'Harda',15),(1656,'Harrai',15),(1657,'Harsud',15),(1658,'Hatta',15),(1659,'Hoshangabad',15),(1660,'Ichhawar',15),(1661,'Indore',15),(1662,'Isagarh',15),(1663,'Itarsi',15),(1664,'Jabalpur',15),(1665,'Jabera',15),(1666,'Jagdalpur',15),(1667,'Jaisinghnagar',15),(1668,'Jaithari',15),(1669,'Jaitpur',15),(1670,'Jaitwara',15),(1671,'Jamai',15),(1672,'Jaora',15),(1673,'Jatara',15),(1674,'Jawad',15),(1675,'Jhabua',15),(1676,'Jobat',15),(1677,'Jora',15),(1678,'Kakaiya',15),(1679,'Kannod',15),(1680,'Kannodi',15),(1681,'Karanjia',15),(1682,'Kareli',15),(1683,'Karera',15),(1684,'Karhal',15),(1685,'Karpa',15),(1686,'Kasrawad',15),(1687,'Katangi',15),(1688,'Katni',15),(1689,'Keolari',15),(1690,'Khachrod',15),(1691,'Khajuraho',15),(1692,'Khakner',15),(1693,'Khalwa',15),(1694,'Khandwa',15),(1695,'Khaniadhana',15),(1696,'Khargone',15),(1697,'Khategaon',15),(1698,'Khetia',15),(1699,'Khilchipur',15),(1700,'Khirkiya',15),(1701,'Khurai',15),(1702,'Kolaras',15),(1703,'Kotma',15),(1704,'Kukshi',15),(1705,'Kundam',15),(1706,'Kurwai',15),(1707,'Kusmi',15),(1708,'Laher',15),(1709,'Lakhnadon',15),(1710,'Lamta',15),(1711,'Lanji',15),(1712,'Lateri',15),(1713,'Laundi',15),(1714,'Maheshwar',15),(1715,'Mahidpurcity',15),(1716,'Maihar',15),(1717,'Majhagwan',15),(1718,'Majholi',15),(1719,'Malhargarh',15),(1720,'Manasa',15),(1721,'Manawar',15),(1722,'Mandla',15),(1723,'Mandsaur',15),(1724,'Manpur',15),(1725,'Mauganj',15),(1726,'Mawai',15),(1727,'Mehgaon',15),(1728,'Mhow',15),(1729,'Morena',15),(1730,'Multai',15),(1731,'Mungaoli',15),(1732,'Nagod',15),(1733,'Nainpur',15),(1734,'Narsingarh',15),(1735,'Narsinghpur',15),(1736,'Narwar',15),(1737,'Nasrullaganj',15),(1738,'Nateran',15),(1739,'Neemuch',15),(1740,'Niwari',15),(1741,'Niwas',15),(1742,'Nowgaon',15),(1743,'Pachmarhi',15),(1744,'Pandhana',15),(1745,'Pandhurna',15),(1746,'Panna',15),(1747,'Parasia',15),(1748,'Patan',15),(1749,'Patera',15),(1750,'Patharia',15),(1751,'Pawai',15),(1752,'Petlawad',15),(1753,'Pichhore',15),(1754,'Piparia',15),(1755,'Pohari',15),(1756,'Prabhapattan',15),(1757,'Punasa',15),(1758,'Pushprajgarh',15),(1759,'Raghogarh',15),(1760,'Raghunathpur',15),(1761,'Rahatgarh',15),(1762,'Raisen',15),(1763,'Rajgarh',15),(1764,'Rajpur',15),(1765,'Ratlam',15),(1766,'Rehli',15),(1767,'Rewa',15),(1768,'Sabalgarh',15),(1769,'Sagar',15),(1770,'Sailana',15),(1771,'Sanwer',15),(1772,'Sarangpur',15),(1773,'Sardarpur',15),(1774,'Satna',15),(1775,'Saunsar',15),(1776,'Sehore',15),(1777,'Sendhwa',15),(1778,'Seondha',15),(1779,'Seoni',15),(1780,'Seonimalwa',15),(1781,'Shahdol',15),(1782,'Shahnagar',15),(1783,'Shahpur',15),(1784,'Shajapur',15),(1785,'Sheopur',15),(1786,'Sheopurkalan',15),(1787,'Shivpuri',15),(1788,'Shujalpur',15),(1789,'Sidhi',15),(1790,'Sihora',15),(1791,'Silwani',15),(1792,'Singrauli',15),(1793,'Sirmour',15),(1794,'Sironj',15),(1795,'Sitamau',15),(1796,'Sohagpur',15),(1797,'Sondhwa',15),(1798,'Sonkatch',15),(1799,'Susner',15),(1800,'Tamia',15),(1801,'Tarana',15),(1802,'Tendukheda',15),(1803,'Teonthar',15),(1804,'Thandla',15),(1805,'Tikamgarh',15),(1806,'Timarani',15),(1807,'Udaipura',15),(1808,'Ujjain',15),(1809,'Umaria',15),(1810,'Umariapan',15),(1811,'Vidisha',15),(1812,'Vijayraghogarh',15),(1813,'Waraseoni',15),(1814,'Zhirnia',15),(1815,'Achalpur',16),(1816,'Aheri',16),(1817,'Ahmednagar',16),(1818,'Ahmedpur',16),(1819,'Ajara',16),(1820,'Akkalkot',16),(1821,'Akola',16),(1822,'Akole',16),(1823,'Akot',16),(1824,'Alibagh',16),(1825,'Amagaon',16),(1826,'Amalner',16),(1827,'Ambad',16),(1828,'Ambejogai',16),(1829,'Amravati',16),(1830,'Arjuni Merogaon',16),(1831,'Arvi',16),(1832,'Ashti',16),(1833,'Atpadi',16),(1834,'Aurangabad',16),(1835,'Ausa',16),(1836,'Babhulgaon',16),(1837,'Balapur',16),(1838,'Baramati',16),(1839,'Barshi Takli',16),(1840,'Barsi',16),(1841,'Basmatnagar',16),(1842,'Bassein',16),(1843,'Beed',16),(1844,'Bhadrawati',16),(1845,'Bhamregadh',16),(1846,'Bhandara',16),(1847,'Bhir',16),(1848,'Bhiwandi',16),(1849,'Bhiwapur',16),(1850,'Bhokar',16),(1851,'Bhokardan',16),(1852,'Bhoom',16),(1853,'Bhor',16),(1854,'Bhudargad',16),(1855,'Bhusawal',16),(1856,'Billoli',16),(1857,'Brahmapuri',16),(1858,'Buldhana',16),(1859,'Butibori',16),(1860,'Chalisgaon',16),(1861,'Chamorshi',16),(1862,'Chandgad',16),(1863,'Chandrapur',16),(1864,'Chandur',16),(1865,'Chanwad',16),(1866,'Chhikaldara',16),(1867,'Chikhali',16),(1868,'Chinchwad',16),(1869,'Chiplun',16),(1870,'Chopda',16),(1871,'Chumur',16),(1872,'Dahanu',16),(1873,'Dapoli',16),(1874,'Darwaha',16),(1875,'Daryapur',16),(1876,'Daund',16),(1877,'Degloor',16),(1878,'Delhi Tanda',16),(1879,'Deogad',16),(1880,'Deolgaonraja',16),(1881,'Deori',16),(1882,'Desaiganj',16),(1883,'Dhadgaon',16),(1884,'Dhanora',16),(1885,'Dharani',16),(1886,'Dhiwadi',16),(1887,'Dhule',16),(1888,'Dhulia',16),(1889,'Digras',16),(1890,'Dindori',16),(1891,'Edalabad',16),(1892,'Erandul',16),(1893,'Etapalli',16),(1894,'Gadhchiroli',16),(1895,'Gadhinglaj',16),(1896,'Gaganbavada',16),(1897,'Gangakhed',16),(1898,'Gangapur',16),(1899,'Gevrai',16),(1900,'Ghatanji',16),(1901,'Golegaon',16),(1902,'Gondia',16),(1903,'Gondpipri',16),(1904,'Goregaon',16),(1905,'Guhagar',16),(1906,'Hadgaon',16),(1907,'Hatkangale',16),(1908,'Hinganghat',16),(1909,'Hingoli',16),(1910,'Hingua',16),(1911,'Igatpuri',16),(1912,'Indapur',16),(1913,'Islampur',16),(1914,'Jalgaon',16),(1915,'Jalna',16),(1916,'Jamkhed',16),(1917,'Jamner',16),(1918,'Jath',16),(1919,'Jawahar',16),(1920,'Jintdor',16),(1921,'Junnar',16),(1922,'Kagal',16),(1923,'Kaij',16),(1924,'Kalamb',16),(1925,'Kalamnuri',16),(1926,'Kallam',16),(1927,'Kalmeshwar',16),(1928,'Kalwan',16),(1929,'Kalyan',16),(1930,'Kamptee',16),(1931,'Kandhar',16),(1932,'Kankavali',16),(1933,'Kannad',16),(1934,'Karad',16),(1935,'Karjat',16),(1936,'Karmala',16),(1937,'Katol',16),(1938,'Kavathemankal',16),(1939,'Kedgaon',16),(1940,'Khadakwasala',16),(1941,'Khamgaon',16),(1942,'Khed',16),(1943,'Khopoli',16),(1944,'Khultabad',16),(1945,'Kinwat',16),(1946,'Kolhapur',16),(1947,'Kopargaon',16),(1948,'Koregaon',16),(1949,'Kudal',16),(1950,'Kuhi',16),(1951,'Kurkheda',16),(1952,'Kusumba',16),(1953,'Lakhandur',16),(1954,'Langa',16),(1955,'Latur',16),(1956,'Lonar',16),(1957,'Lonavala',16),(1958,'Madangad',16),(1959,'Madha',16),(1960,'Mahabaleshwar',16),(1961,'Mahad',16),(1962,'Mahagaon',16),(1963,'Mahasala',16),(1964,'Mahaswad',16),(1965,'Malegaon',16),(1966,'Malgaon',16),(1967,'Malgund',16),(1968,'Malkapur',16),(1969,'Malsuras',16),(1970,'Malwan',16),(1971,'Mancher',16),(1972,'Mangalwedha',16),(1973,'Mangaon',16),(1974,'Mangrulpur',16),(1975,'Manjalegaon',16),(1976,'Manmad',16),(1977,'Maregaon',16),(1978,'Mehda',16),(1979,'Mekhar',16),(1980,'Mohadi',16),(1981,'Mohol',16),(1982,'Mokhada',16),(1983,'Morshi',16),(1984,'Mouda',16),(1985,'Mukhed',16),(1986,'Mul',16),(1987,'Mumbai',16),(1988,'Murbad',16),(1989,'Murtizapur',16),(1990,'Murud',16),(1991,'Nagbhir',16),(1992,'Nagpur',16),(1993,'Nahavara',16),(1994,'Nanded',16),(1995,'Nandgaon',16),(1996,'Nandnva',16),(1997,'Nandurbar',16),(1998,'Narkhed',16),(1999,'Nashik',16),(2000,'Navapur',16),(2001,'Ner',16),(2002,'Newasa',16),(2003,'Nilanga',16),(2004,'Niphad',16),(2005,'Omerga',16),(2006,'Osmanabad',16),(2007,'Pachora',16),(2008,'Paithan',16),(2009,'Palghar',16),(2010,'Pali',16),(2011,'Pandharkawada',16),(2012,'Pandharpur',16),(2013,'Panhala',16),(2014,'Paranda',16),(2015,'Parbhani',16),(2016,'Parner',16),(2017,'Parola',16),(2018,'Parseoni',16),(2019,'Partur',16),(2020,'Patan',16),(2021,'Pathardi',16),(2022,'Pathari',16),(2023,'Patoda',16),(2024,'Pauni',16),(2025,'Peint',16),(2026,'Pen',16),(2027,'Phaltan',16),(2028,'Pimpalner',16),(2029,'Pirangut',16),(2030,'Poladpur',16),(2031,'Pune',16),(2032,'Pusad',16),(2033,'Pusegaon',16),(2034,'Radhanagar',16),(2035,'Rahuri',16),(2036,'Raigad',16),(2037,'Rajapur',16),(2038,'Rajgurunagar',16),(2039,'Rajura',16),(2040,'Ralegaon',16),(2041,'Ramtek',16),(2042,'Ratnagiri',16),(2043,'Raver',16),(2044,'Risod',16),(2045,'Roha',16),(2046,'Sakarwadi',16),(2047,'Sakoli',16),(2048,'Sakri',16),(2049,'Salekasa',16),(2050,'Samudrapur',16),(2051,'Sangamner',16),(2052,'Sanganeshwar',16),(2053,'Sangli',16),(2054,'Sangola',16),(2055,'Sanguem',16),(2056,'Saoner',16),(2057,'Saswad',16),(2058,'Satana',16),(2059,'Satara',16),(2060,'Sawantwadi',16),(2061,'Seloo',16),(2062,'Shahada',16),(2063,'Shahapur',16),(2064,'Shahuwadi',16),(2065,'Shevgaon',16),(2066,'Shirala',16),(2067,'Shirol',16),(2068,'Shirpur',16),(2069,'Shirur',16),(2070,'Shirwal',16),(2071,'Sholapur',16),(2072,'Shri Rampur',16),(2073,'Shrigonda',16),(2074,'Shrivardhan',16),(2075,'Sillod',16),(2076,'Sinderwahi',16),(2077,'Sindhudurg',16),(2078,'Sindkheda',16),(2079,'Sindkhedaraja',16),(2080,'Sinnar',16),(2081,'Sironcha',16),(2082,'Soyegaon',16),(2083,'Surgena',16),(2084,'Talasari',16),(2085,'Talegaon S.Ji Pant',16),(2086,'Taloda',16),(2087,'Tasgaon',16),(2088,'Thane',16),(2089,'Tirora',16),(2090,'Tiwasa',16),(2091,'Trimbak',16),(2092,'Tuljapur',16),(2093,'Tumsar',16),(2094,'Udgir',16),(2095,'Umarkhed',16),(2096,'Umrane',16),(2097,'Umrer',16),(2098,'Urlikanchan',16),(2099,'Vaduj',16),(2100,'Velhe',16),(2101,'Vengurla',16),(2102,'Vijapur',16),(2103,'Vita',16),(2104,'Wada',16),(2105,'Wai',16),(2106,'Walchandnagar',16),(2107,'Wani',16),(2108,'Wardha',16),(2109,'Warlydwarud',16),(2110,'Warora',16),(2111,'Washim',16),(2112,'Wathar',16),(2113,'Yavatmal',16),(2114,'Yawal',16),(2115,'Yeola',16),(2116,'Yeotmal',16),(2117,'Bishnupur',17),(2118,'Chakpikarong',17),(2119,'Chandel',17),(2120,'Chattrik',17),(2121,'Churachandpur',17),(2122,'Imphal',17),(2123,'Jiribam',17),(2124,'Kakching',17),(2125,'Kalapahar',17),(2126,'Mao',17),(2127,'Mulam',17),(2128,'Parbung',17),(2129,'Sadarhills',17),(2130,'Saibom',17),(2131,'Sempang',17),(2132,'Senapati',17),(2133,'Sochumer',17),(2134,'Taloulong',17),(2135,'Tamenglong',17),(2136,'Thinghat',17),(2137,'Thoubal',17),(2138,'Ukhrul',17),(2139,'Amlaren',18),(2140,'Baghmara',18),(2141,'Cherrapunjee',18),(2142,'Dadengiri',18),(2143,'Garo Hills',18),(2144,'Jaintia Hills',18),(2145,'Jowai',18),(2146,'Khasi Hills',18),(2147,'Khliehriat',18),(2148,'Mariang',18),(2149,'Mawkyrwat',18),(2150,'Nongpoh',18),(2151,'Nongstoin',18),(2152,'Resubelpara',18),(2153,'Ri Bhoi',18),(2154,'Shillong',18),(2155,'Tura',18),(2156,'Williamnagar',18),(2157,'Aizawl',19),(2158,'Champhai',19),(2159,'Demagiri',19),(2160,'Kolasib',19),(2161,'Lawngtlai',19),(2162,'Lunglei',19),(2163,'Mamit',19),(2164,'Saiha',19),(2165,'Serchhip',19),(2166,'Dimapur',20),(2167,'Jalukie',20),(2168,'Kiphire',20),(2169,'Kohima',20),(2170,'Mokokchung',20),(2171,'Mon',20),(2172,'Phek',20),(2173,'Tuensang',20),(2174,'Wokha',20),(2175,'Zunheboto',20),(2176,'Anandapur',21),(2177,'Angul',21),(2178,'Anugul',21),(2179,'Aska',21),(2180,'Athgarh',21),(2181,'Athmallik',21),(2182,'Attabira',21),(2183,'Bagdihi',21),(2184,'Balangir',21),(2185,'Balasore',21),(2186,'Baleswar',21),(2187,'Baliguda',21),(2188,'Balugaon',21),(2189,'Banaigarh',21),(2190,'Bangiriposi',21),(2191,'Barbil',21),(2192,'Bargarh',21),(2193,'Baripada',21),(2194,'Barkot',21),(2195,'Basta',21),(2196,'Berhampur',21),(2197,'Betanati',21),(2198,'Bhadrak',21),(2199,'Bhanjanagar',21),(2200,'Bhawanipatna',21),(2201,'Bhubaneswar',21),(2202,'Birmaharajpur',21),(2203,'Bisam Cuttack',21),(2204,'Boriguma',21),(2205,'Boudh',21),(2206,'Buguda',21),(2207,'Chandbali',21),(2208,'Chhatrapur',21),(2209,'Chhendipada',21),(2210,'Cuttack',21),(2211,'Daringbadi',21),(2212,'Daspalla',21),(2213,'Deodgarh',21),(2214,'Deogarh',21),(2215,'Dhanmandal',21),(2216,'Dharamgarh',21),(2217,'Dhenkanal',21),(2218,'Digapahandi',21),(2219,'Dunguripali',21),(2220,'GUdayagiri',21),(2221,'Gajapati',21),(2222,'Ganjam',21),(2223,'Ghatgaon',21),(2224,'Gudari',21),(2225,'Gunupur',21),(2226,'Hemgiri',21),(2227,'Hindol',21),(2228,'Jagatsinghapur',21),(2229,'Jajpur',21),(2230,'Jamankira',21),(2231,'Jashipur',21),(2232,'Jayapatna',21),(2233,'Jeypur',21),(2234,'Jharigan',21),(2235,'Jharsuguda',21),(2236,'Jujumura',21),(2237,'Kalahandi',21),(2238,'Kalimela',21),(2239,'Kamakhyanagar',21),(2240,'Kandhamal',21),(2241,'Kantabhanji',21),(2242,'Kantamal',21),(2243,'Karanjia',21),(2244,'Kashipur',21),(2245,'Kendrapara',21),(2246,'Kendujhar',21),(2247,'Keonjhar',21),(2248,'Khalikote',21),(2249,'Khordha',21),(2250,'Khurda',21),(2251,'Komana',21),(2252,'Koraput',21),(2253,'Kotagarh',21),(2254,'Kuchinda',21),(2255,'Lahunipara',21),(2256,'Laxmipur',21),(2257,'MRampur',21),(2258,'Malkangiri',21),(2259,'Mathili',21),(2260,'Mayurbhanj',21),(2261,'Mohana',21),(2262,'Motu',21),(2263,'Nabarangapur',21),(2264,'Naktideul',21),(2265,'Nandapur',21),(2266,'Narlaroad',21),(2267,'Narsinghpur',21),(2268,'Nayagarh',21),(2269,'Nimapara',21),(2270,'Nowparatan',21),(2271,'Nowrangapur',21),(2272,'Nuapada',21),(2273,'Padampur',21),(2274,'Paikamal',21),(2275,'Palla Hara',21),(2276,'Papadhandi',21),(2277,'Parajang',21),(2278,'Pardip',21),(2279,'Parlakhemundi',21),(2280,'Patnagarh',21),(2281,'Pattamundai',21),(2282,'Phiringia',21),(2283,'Phulbani',21),(2284,'Puri',21),(2285,'Puruna Katak',21),(2286,'RUdayigiri',21),(2287,'Rairakhol',21),(2288,'Rairangpur',21),(2289,'Rajgangpur',21),(2290,'Rajkhariar',21),(2291,'Rayagada',21),(2292,'Rourkela',21),(2293,'Sambalpur',21),(2294,'Sohela',21),(2295,'Sonapur',21),(2296,'Soro',21),(2297,'Subarnapur',21),(2298,'Sunabeda',21),(2299,'Sundergarh',21),(2300,'Surada',21),(2301,'TRampur',21),(2302,'Talcher',21),(2303,'Telkoi',21),(2304,'Titlagarh',21),(2305,'Tumudibandha',21),(2306,'Udala',21),(2307,'Umerkote',21),(2311,'Balachaur',22),(2312,'Barnala',22),(2314,'Bathinda',22),(2315,'Chandigarh',22),(2316,'Dasua',22),(2317,'Dinanagar',22),(2318,'Faridkot',22),(2319,'Fatehgarh Sahib',22),(2320,'Fazilka',22),(2321,'Ferozepur',22),(2322,'Garhashanker',22),(2323,'Goindwal',22),(2324,'Gurdaspur',22),(2325,'Guruharsahai',22),(2326,'Hoshiarpur',22),(2327,'Jagraon',22),(2328,'Jalandhar',22),(2329,'Jugial',22),(2330,'Kapurthala',22),(2331,'Kharar',22),(2332,'Kotkapura',22),(2333,'Ludhiana',22),(2334,'Malaut',22),(2335,'Malerkotla',22),(2336,'Mansa',22),(2337,'Moga',22),(2338,'Nabha',22),(2339,'Nakodar',22),(2340,'Nangal',22),(2341,'Nawanshahar',22),(2342,'Nawanshahr',22),(2343,'Pathankot',22),(2344,'Patiala',22),(2345,'Patti',22),(2346,'Phagwara',22),(2347,'Phillaur',22),(2348,'Phulmandi',22),(2349,'Quadian',22),(2350,'Rajpura',22),(2351,'Raman',22),(2352,'Rayya',22),(2353,'Ropar',22),(2354,'Rupnagar',22),(2355,'Samana',22),(2356,'Sri Muktsar Sahib',22),(2357,'Samrala',22),(2358,'Sangrur',22),(2359,'Sardulgarh',22),(2360,'Sarhind',22),(2361,'SAS Nagar',22),(2362,'Sultanpur Lodhi',22),(2363,'Sunam',22),(2364,'Tanda Urmar',22),(2365,'Taran Taran',22),(2367,'Abu Road',23),(2368,'Ahore',23),(2369,'Ajmer',23),(2370,'Aklera',23),(2371,'Alwar',23),(2372,'Amber',23),(2373,'Amet',23),(2374,'Anupgarh',23),(2375,'Asind',23),(2376,'Aspur',23),(2377,'Atru',23),(2378,'Bagidora',23),(2379,'Bali',23),(2380,'Bamanwas',23),(2381,'Banera',23),(2382,'Bansur',23),(2383,'Banswara',23),(2384,'Baran',23),(2385,'Bari',23),(2386,'Barisadri',23),(2387,'Barmer',23),(2388,'Baseri',23),(2389,'Bassi',23),(2390,'Baswa',23),(2391,'Bayana',23),(2392,'Beawar',23),(2393,'Begun',23),(2394,'Behror',23),(2395,'Bhadra',23),(2396,'Bharatpur',23),(2397,'Bhilwara',23),(2398,'Bhim',23),(2399,'Bhinmal',23),(2400,'Bikaner',23),(2401,'Bilara',23),(2402,'Bundi',23),(2403,'Chhabra',23),(2404,'Chhipaborad',23),(2405,'Chirawa',23),(2406,'Chittorgarh',23),(2407,'Chohtan',23),(2408,'Churu',23),(2409,'Dantaramgarh',23),(2410,'Dausa',23),(2411,'Deedwana',23),(2412,'Deeg',23),(2413,'Degana',23),(2414,'Deogarh',23),(2415,'Deoli',23),(2416,'Desuri',23),(2417,'Dhariawad',23),(2418,'Dholpur',23),(2419,'Digod',23),(2420,'Dudu',23),(2421,'Dungarpur',23),(2422,'Dungla',23),(2423,'Fatehpur',23),(2424,'Gangapur',23),(2425,'Gangdhar',23),(2426,'Gerhi',23),(2427,'Ghatol',23),(2428,'Girwa',23),(2429,'Gogunda',23),(2430,'Hanumangarh',23),(2431,'Hindaun',23),(2432,'Hindoli',23),(2433,'Hurda',23),(2434,'Jahazpur',23),(2435,'Jaipur',23),(2436,'Jaisalmer',23),(2437,'Jalore',23),(2438,'Jhalawar',23),(2439,'Jhunjhunu',23),(2440,'Jodhpur',23),(2441,'Kaman',23),(2442,'Kapasan',23),(2443,'Karauli',23),(2444,'Kekri',23),(2445,'Keshoraipatan',23),(2446,'Khandar',23),(2447,'Kherwara',23),(2448,'Khetri',23),(2449,'Kishanganj',23),(2450,'Kishangarh',23),(2451,'Kishangarhbas',23),(2452,'Kolayat',23),(2453,'Kota',23),(2454,'Kotputli',23),(2455,'Kotra',23),(2456,'Kotri',23),(2457,'Kumbalgarh',23),(2458,'Kushalgarh',23),(2459,'Ladnun',23),(2460,'Ladpura',23),(2461,'Lalsot',23),(2462,'Laxmangarh',23),(2463,'Lunkaransar',23),(2464,'Mahuwa',23),(2465,'Malpura',23),(2466,'Malvi',23),(2467,'Mandal',23),(2468,'Mandalgarh',23),(2469,'Mandawar',23),(2470,'Mangrol',23),(2471,'Marwar-Jn',23),(2472,'Merta',23),(2473,'Nadbai',23),(2474,'Nagaur',23),(2475,'Nainwa',23),(2476,'Nasirabad',23),(2477,'Nathdwara',23),(2478,'Nawa',23),(2479,'Neem Ka Thana',23),(2480,'Newai',23),(2481,'Nimbahera',23),(2482,'Nohar',23),(2483,'Nokha',23),(2484,'Onli',23),(2485,'Osian',23),(2486,'Pachpadara',23),(2487,'Pachpahar',23),(2488,'Padampur',23),(2489,'Pali',23),(2490,'Parbatsar',23),(2491,'Phagi',23),(2492,'Phalodi',23),(2493,'Pilani',23),(2494,'Pindwara',23),(2495,'Pipalda',23),(2496,'Pirawa',23),(2497,'Pokaran',23),(2498,'Pratapgarh',23),(2499,'Raipur',23),(2500,'Raisinghnagar',23),(2501,'Rajgarh',23),(2502,'Rajsamand',23),(2503,'Ramganj Mandi',23),(2504,'Ramgarh',23),(2505,'Rashmi',23),(2506,'Ratangarh',23),(2507,'Reodar',23),(2508,'Rupbas',23),(2509,'Sadulshahar',23),(2510,'Sagwara',23),(2511,'Sahabad',23),(2512,'Salumber',23),(2513,'Sanchore',23),(2514,'Sangaria',23),(2515,'Sangod',23),(2516,'Sapotra',23),(2517,'Sarada',23),(2518,'Sardarshahar',23),(2519,'Sarwar',23),(2520,'Sawai Madhopur',23),(2521,'Shahapura',23),(2522,'Sheo',23),(2523,'Sheoganj',23),(2524,'Shergarh',23),(2525,'Sikar',23),(2526,'Sirohi',23),(2527,'Siwana',23),(2528,'Sojat',23),(2529,'Sri Dungargarh',23),(2530,'Sri Ganganagar',23),(2531,'Sri Karanpur',23),(2532,'Sri Madhopur',23),(2533,'Sujangarh',23),(2534,'Taranagar',23),(2535,'Thanaghazi',23),(2536,'Tibbi',23),(2537,'Tijara',23),(2538,'Todaraisingh',23),(2539,'Tonk',23),(2540,'Udaipur',23),(2541,'Udaipurwati',23),(2542,'Uniayara',23),(2543,'Vallabhnagar',23),(2544,'Viratnagar',23),(2545,'Barmiak',24),(2546,'Be',24),(2547,'Bhurtuk',24),(2548,'Chhubakha',24),(2549,'Chidam',24),(2550,'Chubha',24),(2551,'Chumikteng',24),(2552,'Dentam',24),(2553,'Dikchu',24),(2554,'Dzongri',24),(2555,'Gangtok',24),(2556,'Gauzing',24),(2557,'Gyalshing',24),(2558,'Hema',24),(2559,'Kerung',24),(2560,'Lachen',24),(2561,'Lachung',24),(2562,'Lema',24),(2563,'Lingtam',24),(2564,'Lungthu',24),(2565,'Mangan',24),(2566,'Namchi',24),(2567,'Namthang',24),(2568,'Nanga',24),(2569,'Nantang',24),(2570,'Naya Bazar',24),(2571,'Padamachen',24),(2572,'Pakhyong',24),(2573,'Pemayangtse',24),(2574,'Phensang',24),(2575,'Rangli',24),(2576,'Rinchingpong',24),(2577,'Sakyong',24),(2578,'Samdong',24),(2579,'Singtam',24),(2580,'Siniolchu',24),(2581,'Sombari',24),(2582,'Soreng',24),(2583,'Sosing',24),(2584,'Tekhug',24),(2585,'Temi',24),(2586,'Tsetang',24),(2587,'Tsomgo',24),(2588,'Tumlong',24),(2589,'Yangang',24),(2590,'Yumtang',24),(2591,'Ambasamudram',25),(2592,'Anamali',25),(2593,'Arakandanallur',25),(2594,'Arantangi',25),(2595,'Aravakurichi',25),(2596,'Ariyalur',25),(2597,'Arkonam',25),(2598,'Arni',25),(2599,'Aruppukottai',25),(2600,'Attur',25),(2601,'Avanashi',25),(2602,'Batlagundu',25),(2603,'Bhavani',25),(2604,'Chengalpattu',25),(2605,'Chengam',25),(2606,'Chennai',25),(2607,'Chidambaram',25),(2608,'Chingleput',25),(2609,'Coimbatore',25),(2610,'Courtallam',25),(2611,'Cuddalore',25),(2612,'Cumbum',25),(2613,'Denkanikoitah',25),(2614,'Devakottai',25),(2615,'Dharampuram',25),(2616,'Dharmapuri',25),(2617,'Dindigul',25),(2618,'Erode',25),(2619,'Gingee',25),(2620,'Gobichettipalayam',25),(2621,'Gudalur',25),(2622,'Gudiyatham',25),(2623,'Harur',25),(2624,'Hosur',25),(2625,'Jayamkondan',25),(2626,'Kallkurichi',25),(2627,'Kanchipuram',25),(2628,'Kangayam',25),(2629,'Kanyakumari',25),(2630,'Karaikal',25),(2631,'Karaikudi',25),(2632,'Karur',25),(2633,'Keeranur',25),(2634,'Kodaikanal',25),(2635,'Kodumudi',25),(2636,'Kotagiri',25),(2637,'Kovilpatti',25),(2638,'Krishnagiri',25),(2639,'Kulithalai',25),(2640,'Kumbakonam',25),(2641,'Kuzhithurai',25),(2642,'Madurai',25),(2643,'Madurantgam',25),(2644,'Manamadurai',25),(2645,'Manaparai',25),(2646,'Mannargudi',25),(2647,'Mayiladuthurai',25),(2648,'Mayiladutjurai',25),(2649,'Mettupalayam',25),(2650,'Metturdam',25),(2651,'Mudukulathur',25),(2652,'Mulanur',25),(2653,'Musiri',25),(2654,'Nagapattinam',25),(2655,'Nagarcoil',25),(2656,'Namakkal',25),(2657,'Nanguneri',25),(2658,'Natham',25),(2659,'Neyveli',25),(2660,'Nilgiris',25),(2661,'Oddanchatram',25),(2662,'Omalpur',25),(2663,'Ootacamund',25),(2664,'Ooty',25),(2665,'Orathanad',25),(2666,'Palacode',25),(2667,'Palani',25),(2668,'Palladum',25),(2669,'Papanasam',25),(2670,'Paramakudi',25),(2671,'Pattukottai',25),(2672,'Perambalur',25),(2673,'Perundurai',25),(2674,'Pollachi',25),(2675,'Polur',25),(2676,'Pondicherry',25),(2677,'Ponnamaravathi',25),(2678,'Ponneri',25),(2679,'Pudukkottai',25),(2680,'Rajapalayam',25),(2681,'Ramanathapuram',25),(2682,'Rameshwaram',25),(2683,'Ranipet',25),(2684,'Rasipuram',25),(2685,'Salem',25),(2686,'Sankagiri',25),(2687,'Sankaran',25),(2688,'Sathiyamangalam',25),(2689,'Sivaganga',25),(2690,'Sivakasi',25),(2691,'Sriperumpudur',25),(2692,'Srivaikundam',25),(2693,'Tenkasi',25),(2694,'Thanjavur',25),(2695,'Theni',25),(2696,'Thirumanglam',25),(2697,'Thiruraipoondi',25),(2698,'Thoothukudi',25),(2699,'Thuraiyure',25),(2700,'Tindivanam',25),(2701,'Tiruchendur',25),(2702,'Tiruchengode',25),(2703,'Tiruchirappalli',25),(2704,'Tirunelvelli',25),(2705,'Tirupathur',25),(2706,'Tirupur',25),(2707,'Tiruttani',25),(2708,'Tiruvallur',25),(2709,'Tiruvannamalai',25),(2710,'Tiruvarur',25),(2711,'Tiruvellore',25),(2712,'Tiruvettipuram',25),(2713,'Trichy',25),(2714,'Tuticorin',25),(2715,'Udumalpet',25),(2716,'Ulundurpet',25),(2717,'Usiliampatti',25),(2718,'Uthangarai',25),(2719,'Valapady',25),(2720,'Valliyoor',25),(2721,'Vaniyambadi',25),(2722,'Vedasandur',25),(2723,'Vellore',25),(2724,'Velur',25),(2725,'Vilathikulam',25),(2726,'Villupuram',25),(2727,'Virudhachalam',25),(2728,'Virudhunagar',25),(2729,'Wandiwash',25),(2730,'Yercaud',25),(2731,'Agartala',26),(2732,'Ambasa',26),(2733,'Bampurbari',26),(2734,'Belonia',26),(2735,'Dhalai',26),(2736,'Dharam Nagar',26),(2737,'Kailashahar',26),(2738,'Kamal Krishnabari',26),(2739,'Khopaiyapara',26),(2740,'Khowai',26),(2741,'Phuldungsei',26),(2742,'Radha Kishore Pur',26),(2743,'Tripura',26),(2744,'Almora',27),(2745,'Bageshwar',27),(2746,'Bhatwari',27),(2747,'Chakrata',27),(2748,'Chamoli',27),(2749,'Champawat',27),(2750,'Dehradun',27),(2751,'Deoprayag',27),(2752,'Dharchula',27),(2753,'Dunda',27),(2754,'Haldwani',27),(2755,'Haridwar',27),(2756,'Joshimath',27),(2757,'Karan Prayag',27),(2758,'Kashipur',27),(2759,'Khatima',27),(2760,'Kichha',27),(2761,'Lansdown',27),(2762,'Munsiari',27),(2763,'Mussoorie',27),(2764,'Nainital',27),(2765,'Pantnagar',27),(2766,'Partapnagar',27),(2767,'Pauri Garhwal',27),(2768,'Pithoragarh',27),(2769,'Purola',27),(2770,'Rajgarh',27),(2771,'Ranikhet',27),(2772,'Roorkee',27),(2773,'Rudraprayag',27),(2774,'Tehri Garhwal',27),(2775,'Udham Singh Nagar',27),(2776,'Ukhimath',27),(2777,'Uttarkashi',27),(2778,'Achhnera',28),(2779,'Agra',28),(2780,'Akbarpur',28),(2781,'Aliganj',28),(2782,'Aligarh',28),(2783,'Allahabad',28),(2784,'Ambedkar Nagar',28),(2785,'Amethi',28),(2786,'Amiliya',28),(2787,'Amroha',28),(2788,'Anola',28),(2789,'Atrauli',28),(2790,'Auraiya',28),(2791,'Azamgarh',28),(2792,'Baberu',28),(2793,'Badaun',28),(2794,'Baghpat',28),(2795,'Bagpat',28),(2796,'Baheri',28),(2797,'Bahraich',28),(2798,'Ballia',28),(2799,'Balrampur',28),(2800,'Banda',28),(2801,'Bansdeeh',28),(2802,'Bansgaon',28),(2803,'Bansi',28),(2804,'Barabanki',28),(2805,'Bareilly',28),(2806,'Basti',28),(2807,'Bhadohi',28),(2808,'Bharthana',28),(2809,'Bharwari',28),(2810,'Bhogaon',28),(2811,'Bhognipur',28),(2812,'Bidhuna',28),(2813,'Bijnore',28),(2814,'Bikapur',28),(2815,'Bilari',28),(2816,'Bilgram',28),(2817,'Bilhaur',28),(2818,'Bindki',28),(2819,'Bisalpur',28),(2820,'Bisauli',28),(2821,'Biswan',28),(2822,'Budaun',28),(2823,'Budhana',28),(2824,'Bulandshahar',28),(2825,'Bulandshahr',28),(2826,'Capianganj',28),(2827,'Chakia',28),(2828,'Chandauli',28),(2829,'Charkhari',28),(2830,'Chhata',28),(2831,'Chhibramau',28),(2832,'Chirgaon',28),(2833,'Chitrakoot',28),(2834,'Chunur',28),(2835,'Dadri',28),(2836,'Dalmau',28),(2837,'Dataganj',28),(2838,'Debai',28),(2839,'Deoband',28),(2840,'Deoria',28),(2841,'Derapur',28),(2842,'Dhampur',28),(2843,'Domariyaganj',28),(2844,'Dudhi',28),(2845,'Etah',28),(2846,'Etawah',28),(2847,'Faizabad',28),(2848,'Farrukhabad',28),(2849,'Fatehpur',28),(2850,'Firozabad',28),(2851,'Garauth',28),(2852,'Garhmukteshwar',28),(2853,'Gautam Buddha Nagar',28),(2854,'Ghatampur',28),(2855,'Ghaziabad',28),(2856,'Ghazipur',28),(2857,'Ghosi',28),(2858,'Gonda',28),(2859,'Gorakhpur',28),(2860,'Gunnaur',28),(2861,'Haidergarh',28),(2862,'Hamirpur',28),(2863,'Hapur',28),(2864,'Hardoi',28),(2865,'Harraiya',28),(2866,'Hasanganj',28),(2867,'Hasanpur',28),(2868,'Hathras',28),(2869,'Jalalabad',28),(2870,'Jalaun',28),(2871,'Jalesar',28),(2872,'Jansath',28),(2873,'Jarar',28),(2874,'Jasrana',28),(2875,'Jaunpur',28),(2876,'Jhansi',28),(2877,'Jyotiba Phule Nagar',28),(2878,'Kadipur',28),(2879,'Kaimganj',28),(2880,'Kairana',28),(2881,'Kaisarganj',28),(2882,'Kalpi',28),(2883,'Kannauj',28),(2884,'Kanpur',28),(2885,'Karchhana',28),(2886,'Karhal',28),(2887,'Karvi',28),(2888,'Kasganj',28),(2889,'Kaushambi',28),(2890,'Kerakat',28),(2891,'Khaga',28),(2892,'Khair',28),(2893,'Khalilabad',28),(2894,'Kheri',28),(2895,'Konch',28),(2896,'Kumaon',28),(2897,'Kunda',28),(2898,'Kushinagar',28),(2899,'Lalganj',28),(2900,'Lalitpur',28),(2901,'Lucknow',28),(2902,'Machlishahar',28),(2903,'Maharajganj',28),(2904,'Mahoba',28),(2905,'Mainpuri',28),(2906,'Malihabad',28),(2907,'Mariyahu',28),(2908,'Math',28),(2909,'Mathura',28),(2910,'Mau',28),(2911,'Maudaha',28),(2912,'Maunathbhanjan',28),(2913,'Mauranipur',28),(2914,'Mawana',28),(2915,'Meerut',28),(2916,'Mehraun',28),(2917,'Meja',28),(2918,'Mirzapur',28),(2919,'Misrikh',28),(2920,'Modinagar',28),(2921,'Mohamdabad',28),(2922,'Mohamdi',28),(2923,'Moradabad',28),(2924,'Musafirkhana',28),(2925,'Muzaffarnagar',28),(2926,'Nagina',28),(2927,'Najibabad',28),(2928,'Nakur',28),(2929,'Nanpara',28),(2930,'Naraini',28),(2931,'Naugarh',28),(2932,'Nawabganj',28),(2933,'Nighasan',28),(2934,'Noida',28),(2935,'Orai',28),(2936,'Padrauna',28),(2937,'Pahasu',28),(2938,'Patti',28),(2939,'Pharenda',28),(2940,'Phoolpur',28),(2941,'Phulpur',28),(2942,'Pilibhit',28),(2943,'Pitamberpur',28),(2944,'Powayan',28),(2945,'Pratapgarh',28),(2946,'Puranpur',28),(2947,'Purwa',28),(2948,'Raibareli',28),(2949,'Rampur',28),(2950,'Ramsanehi Ghat',28),(2951,'Rasara',28),(2952,'Rath',28),(2953,'Robertsganj',28),(2954,'Sadabad',28),(2955,'Safipur',28),(2956,'Sagri',28),(2957,'Saharanpur',28),(2958,'Sahaswan',28),(2959,'Sahjahanpur',28),(2960,'Saidpur',28),(2961,'Salempur',28),(2962,'Salon',28),(2963,'Sambhal',28),(2964,'Sandila',28),(2965,'Sant Kabir Nagar',28),(2966,'Sant Ravidas Nagar',28),(2967,'Sardhana',28),(2968,'Shahabad',28),(2969,'Shahganj',28),(2970,'Shahjahanpur',28),(2971,'Shikohabad',28),(2972,'Shravasti',28),(2973,'Siddharthnagar',28),(2974,'Sidhauli',28),(2975,'Sikandra Rao',28),(2976,'Sikandrabad',28),(2977,'Sitapur',28),(2978,'Siyana',28),(2979,'Sonbhadra',28),(2980,'Soraon',28),(2981,'Sultanpur',28),(2982,'Tanda',28),(2983,'Tarabganj',28),(2984,'Tilhar',28),(2985,'Unnao',28),(2986,'Utraula',28),(2987,'Varanasi',28),(2988,'Zamania',28),(2989,'Adra',29),(2990,'Alipurduar',29),(2991,'Amlagora',29),(2992,'Arambagh',29),(2993,'Asansol',29),(2994,'Balurghat',29),(2995,'Bankura',29),(2996,'Bardhaman',29),(2997,'Basirhat',29),(2998,'Berhampur',29),(2999,'Bethuadahari',29),(3000,'Birbhum',29),(3001,'Birpara',29),(3002,'Bishanpur',29),(3003,'Bolpur',29),(3004,'Bongoan',29),(3005,'Bulbulchandi',29),(3006,'Burdwan',29),(3007,'Calcutta',29),(3008,'Canning',29),(3009,'Champadanga',29),(3010,'Contai',29),(3011,'Cooch Behar',29),(3012,'Daimond Harbour',29),(3013,'Dalkhola',29),(3014,'Dantan',29),(3015,'Darjeeling',29),(3016,'Dhaniakhali',29),(3017,'Dhuliyan',29),(3018,'Dinajpur',29),(3019,'Dinhata',29),(3020,'Durgapur',29),(3021,'Gangajalghati',29),(3022,'Gangarampur',29),(3023,'Ghatal',29),(3024,'Guskara',29),(3025,'Habra',29),(3026,'Haldia',29),(3027,'Harirampur',29),(3028,'Harishchandrapur',29),(3029,'Hooghly',29),(3030,'Howrah',29),(3031,'Islampur',29),(3032,'Jagatballavpur',29),(3033,'Jalpaiguri',29),(3034,'Jhalda',29),(3035,'Jhargram',29),(3036,'Kakdwip',29),(3037,'Kalchini',29),(3038,'Kalimpong',29),(3039,'Kalna',29),(3040,'Kandi',29),(3041,'Karimpur',29),(3042,'Katwa',29),(3043,'Kharagpur',29),(3044,'Khatra',29),(3045,'Krishnanagar',29),(3046,'Mal Bazar',29),(3047,'Malda',29),(3048,'Manbazar',29),(3049,'Mathabhanga',29),(3050,'Medinipur',29),(3051,'Mekhliganj',29),(3052,'Mirzapur',29),(3053,'Murshidabad',29),(3054,'Nadia',29),(3055,'Nagarakata',29),(3056,'Nalhati',29),(3057,'Nayagarh',29),(3058,'Parganas',29),(3059,'Purulia',29),(3060,'Raiganj',29),(3061,'Rampur Hat',29),(3062,'Ranaghat',29),(3063,'Seharabazar',29),(3064,'Siliguri',29),(3065,'Suri',29),(3066,'Takipur',29),(3067,'Tamluk',29),(3069,'Delhi',30),(3073,'North East Delhi',30),(3079,'Gidderwaha',22),(3141,'Kharar',22),(3142,'Nihal Singh Wala',22),(3143,'Maur',22),(3144,'Mullapur',22),(3145,'Telangana',32),(3146,'SYDNEY',85),(3147,'NEWCASTLE-MAITLAND',85),(3148,'CANBERRA-QUEANBEYAN',85),(3149,'WOLLONGONG',85),(3150,'MELBOURNE',86),(3151,'GEELONG',86),(3152,'BALLARAT',86),(3153,'BENDIGO',86),(3154,'BRISBANE',87),(3155,'SUNSHINE COAST',87),(3156,'TOOWOOMBA',87),(3157,'TOWNSVILLE',87),(3158,'CAIRNS ',87),(3159,'PERTH ',88),(3160,'ADELAIDE',89),(3161,'HOBART',90),(3162,'LAUNCESTON',90),(3163,'GOLD COAST-TWEED HEADS',91),(3164,'DARWIN',92),(3165,'Derby',93),(3166,'Leicester',93),(3167,'Lincoln',93),(3168,'Nottingham',93),(3169,'Cambridge',94),(3170,'Chelmsford',94),(3171,'Ely',94),(3172,'Norwich',94),(3173,'Peterborough',94),(3174,'St Albans',94),(3175,'City of London',95),(3176,'City of Westminster',95),(3177,'Durham',96),(3178,'Newcastle upon Tyne',96),(3179,'Sunderland',96),(3180,'Carlisle',97),(3181,'Chester',97),(3182,'Lancaster',97),(3183,'Liverpool',97),(3184,'Manchester',97),(3185,'Preston',97),(3186,'Salfor',97),(3187,'Brighton & Hove',98),(3188,'CHICHESTER',98),(3189,'OXFORD',98),(3190,'PORTSMOUTH',98),(3191,'SOUTHAMPTON',98),(3192,'WINCHESTER',98),(3193,'BATH',99),(3194,'BRISTOL',99),(3195,'EXETER',99),(3196,'GLOUCESTER',99),(3197,'SALISBURY',99),(3198,'PLYMOUTH',99),(3199,'TRURO',99),(3200,'WELLS',99),(3201,'BIRMINGHAM',100),(3202,'COVENTRY',100),(3203,'HEREFORD',100),(3204,'LICHFIELD',100),(3205,'STOKE-ON-TRENT',100),(3206,'WOLVERHAMPTON',100),(3207,'WORCESTER',100),(3208,'BRADFORD',101),(3209,'KINGSTON UPON HULL',101),(3210,'LEEDS',101),(3211,'RIPON',101),(3212,'SHEFFIELD',101),(3213,'WAKEFIELD',101),(3214,'YORK',101),(3215,'ARMAGH',102),(3216,'BELFAST',102),(3217,'LISBURN',102),(3218,'NEWRY',102),(3219,'ABERDEEN',103),(3220,'DUNDEE',103),(3221,'GLASGOW',103),(3222,'EDINBURG',103),(3223,'Inverness',103),(3224,'PERTH ',103),(3225,'BANGOR',104),(3226,'CARDIFF',104),(3227,'NEWPORT',104),(3228,'ST ASAPH',104),(3229,'ST DAVIDS',104),(3230,'SWANSEA',104),(3231,'TORONTO',105),(3232,'HAMILTON',105),(3233,'KITCHENER-CAMBRIDGE-WATERLOO',105),(3234,'LONDON',105),(3235,'ST. CATHARINES-NIAGARA',105),(3236,'OSHAWA',105),(3237,'WINDSOR',105),(3238,'MONTREAL',106),(3239,'QUEBEC',106),(3240,'SHERBROOKE',106),(3241,'VANCOUVER',107),(3242,'VICTORIA',107),(3243,'CALGARY',108),(3244,'EDMONTON',108),(3245,'WINNIPEG',109),(3246,'HALIFAX',110),(3247,'REGINA',111),(3248,'SASKATOON',111),(3249,'OTTAWA-GATINEAU',112),(3250,'ST. JOHN\'S',113),(3251,'New York City',114),(3252,'Philadelphia',114),(3253,'Boston',114),(3254,'Chicago',115),(3255,'Detroit',115),(3256,'Minneapolis?St. Paul',115),(3257,'Dallas?Fort Worth',116),(3258,'Houston',116),(3259,'Washington, D.C.',116),(3260,'Miami',116),(3261,'Atlanta',116),(3262,'Tampa?St. Petersburg',116),(3263,'Baltimore',116),(3264,'Los Angeles',117),(3265,'Phoenix',117),(3266,'San Francisco',117),(3267,'Riverside?San Bernardino',117),(3268,'Seattle',117),(3269,'San Diego',117),(3270,'Denver',117),(3271,'Auckland',118),(3272,'Pukekohe',118),(3273,'Tauranga',119),(3274,'Rotorua',119),(3275,'Christchurch',120),(3276,'Timaru',120),(3277,'Gisborne',121),(3278,'Napier-Hastings',122),(3279,'Palmerston North',123),(3280,'Whanganui',123),(3281,'Blenheim',124),(3282,'Nelson',125),(3283,'Whangarei',126),(3284,'Dunedin',127),(3285,'Invercargill',128),(3286,'New Plymouth',129),(3287,'Hamilton',130),(3288,'Taupo',130),(3289,'Wellington',131),(3290,'Badhni Kalan',22),(3291,'Moonak',22);
/*!40000 ALTER TABLE `city` ENABLE KEYS */;
UNLOCK TABLES;

--
-- Table structure for table `country`
--

DROP TABLE IF EXISTS `country`;
/*!40101 SET @saved_cs_client     = @@character_set_client */;
/*!40101 SET character_set_client = utf8 */;
CREATE TABLE `country` (
  `ct_id` int(11) NOT NULL AUTO_INCREMENT,
  `ct_name` varchar(100) NOT NULL,
  PRIMARY KEY (`ct_id`)
) ENGINE=InnoDB AUTO_INCREMENT=71 DEFAULT CHARSET=latin1;
/*!40101 SET character_set_client = @saved_cs_client */;

--
-- Dumping data for table `country`
--

LOCK TABLES `country` WRITE;
/*!40000 ALTER TABLE `country` DISABLE KEYS */;
INSERT INTO `country` VALUES (1,'India'),(2,'AUSTRALIA'),(3,'CANANDA'),(7,'Iron'),(13,'NEW ZEALAND'),(20,'Thailand'),(21,'UNITED KINGDOM'),(38,'Belgium'),(39,'USA'),(40,'UAE'),(41,'Germany'),(42,'Japan'),(43,'Argentina'),(44,'Brazil'),(45,'China'),(46,'Dublin'),(47,'Egypt'),(48,'Ethopia'),(49,'Finland'),(50,'France'),(51,'Greenland'),(52,'Iceland'),(53,'Indonesia'),(54,'Iran'),(55,'Italy'),(56,'Jamaica'),(57,'Malaysia'),(58,'Mali'),(59,'Mexico'),(60,'Nepal'),(61,'Norway'),(62,'Portugal'),(63,'Russian Federation'),(64,'Soudi Arabia'),(65,'South Africa'),(66,'Spain'),(67,'Sri Lanka'),(68,'Sudan'),(69,'Sweden'),(70,'Switzerland');
/*!40000 ALTER TABLE `country` ENABLE KEYS */;
UNLOCK TABLES;

--
-- Table structure for table `feedback`
--

DROP TABLE IF EXISTS `feedback`;
/*!40101 SET @saved_cs_client     = @@character_set_client */;
/*!40101 SET character_set_client = utf8 */;
CREATE TABLE `feedback` (
  `id` int(11) NOT NULL AUTO_INCREMENT,
  `name` varchar(200) DEFAULT NULL,
  `email` varchar(200) DEFAULT NULL,
  `feedback1` varchar(500) DEFAULT NULL,
  PRIMARY KEY (`id`)
) ENGINE=InnoDB DEFAULT CHARSET=latin1;
/*!40101 SET character_set_client = @saved_cs_client */;

--
-- Dumping data for table `feedback`
--

LOCK TABLES `feedback` WRITE;
/*!40000 ALTER TABLE `feedback` DISABLE KEYS */;
/*!40000 ALTER TABLE `feedback` ENABLE KEYS */;
UNLOCK TABLES;

--
-- Table structure for table `state`
--

DROP TABLE IF EXISTS `state`;
/*!40101 SET @saved_cs_client     = @@character_set_client */;
/*!40101 SET character_set_client = utf8 */;
CREATE TABLE `state` (
  `s_id` int(11) NOT NULL AUTO_INCREMENT,
  `s_name` varchar(100) NOT NULL,
  `s_country_id` int(11) NOT NULL,
  PRIMARY KEY (`s_id`)
) ENGINE=InnoDB AUTO_INCREMENT=198 DEFAULT CHARSET=latin1;
/*!40101 SET character_set_client = @saved_cs_client */;

--
-- Dumping data for table `state`
--

LOCK TABLES `state` WRITE;
/*!40000 ALTER TABLE `state` DISABLE KEYS */;
INSERT INTO `state` VALUES (1,'Andhra Pradesh',1),(2,'Arunachal Pradesh',1),(3,'Assam',1),(4,'Bihar',1),(5,'Chhattisgarh',1),(6,'Daman and Diu',1),(7,'Goa',1),(8,'Gujarat',1),(9,'Haryana',1),(10,'Himachal Pradesh',1),(11,'Jammu and Kashmir',1),(12,'Jharkhand',1),(13,'Karnataka',1),(14,'Kerala',1),(15,'Madhya Pradesh',1),(16,'Maharashtra',1),(17,'Manipur',1),(18,'Meghalaya',1),(19,'Mizoram',1),(20,'Nagaland',1),(21,'Orissa',1),(22,'Punjab',1),(23,'Rajasthan',1),(24,'Sikkim',1),(25,'Tamil Nadu',1),(26,'Tripura',1),(27,'Uttaranchal',1),(28,'Uttar Pradesh',1),(29,'West Bengal',1),(30,'Delhi',1),(31,'Chandigarh',1),(32,'Hyderabad',1),(85,'NEW SOUTH WALES',2),(86,'VICTORIA',2),(87,'QUEENSLAND',2),(88,'WESTERN AUSTRALIA',2),(89,'SOUTH AUSTRALIA',2),(90,'TASMANIA',2),(91,'QLD/NSW',2),(92,'NORTHERN TERRITORY ',2),(93,'EAST MIDLANDS, ENGLAND ',21),(94,'EAST, ENGLAND',21),(95,'LONDON',21),(96,'NORTH EAST, ENGLAND',21),(97,'NORTH WEST, ENGLAND',21),(98,'SOUTH EAST, ENGLAND',21),(99,'SOOUTH WEST, ENGLAND',21),(100,'WEST MIDLANDS, ENGLAND',21),(101,'YORKSHIRE AND THE HUMBER, ENGLAND',21),(102,'NORTHERN IRELAND',21),(103,'SCOTLAND',21),(104,'WALES',21),(105,'ONTARIO',3),(106,'QUEBEC',3),(107,'BRITISH COLUMBIA',3),(108,'ALBERTA',3),(109,'MANITOBA',3),(110,'NOVA SCOTIA',3),(111,'SASKATCHEWAN',3),(112,'ONTARIO-QUEBEC',3),(113,'NEWFOUNDLAND AND LABRADOR',3),(114,'Northeast',39),(115,'Midwest',39),(116,'South',39),(117,'West',39),(118,'Auckland',13),(119,'Bay of Plenty',13),(120,'Canterbury',13),(121,'Gisborne',13),(122,'Hawke\'s Bay',13),(123,'Manawatu-Wanganui',13),(124,'Marlborough',13),(125,'Nelson',13),(126,'Northland',13),(127,'Otago',13),(128,'Southland',13),(129,'Taranaki',13),(130,'Waikato',13),(131,'Wellington',13),(132,'Flanders',38),(133,'Wallonia',38),(134,'Brussels',38),(135,'Texas',39),(136,'Dubai',40),(137,'Abu Dhabi',40),(139,'Sharjah',40),(140,'Ajman',40),(141,'Ras al Khaimah',40),(142,'Fujairah',40),(143,'Umn Al Quwain',40),(144,'Berlin',41),(145,'Hamburg',41),(146,'North Rhine-Westphalia',41),(147,'Bremen',41),(148,'Bavaria',41),(149,'saxony',41),(150,'Lower Saxony',41),(151,'Baden-Wrttemberg',41),(152,'Hesse',41),(153,'Tokyo',42),(154,'kanaqawa',42),(155,'osaka',42),(156,'aichi',42),(157,'hokkaido',42),(158,'Hyogo',42),(159,'kyoto ',42),(160,'fukuoka',42),(161,'saitama',42),(162,'hiroshima',42),(163,'miyaqi',42),(164,'chiba',42),(165,'niiqata',42),(166,'shizuoka',42),(167,'kumamoto',42),(168,'Argentina',43),(169,'Brazil',44),(170,'China',45),(171,'Dublin',46),(172,'Egypt',47),(173,'Ethopia',48),(174,'Finaland',49),(175,'France',50),(176,'Greenland',51),(177,'Iceland',52),(178,'Indonesia',53),(179,'Iran',54),(180,'Italy',55),(181,'Jamaica',56),(182,'Malaysia',57),(183,'Mali',58),(184,'Mexico',59),(185,'Nepal',60),(186,'Norway',61),(187,'Portugal',62),(188,'Russian Federation',63),(189,'Soudi Arabia',64),(190,'South Africa',65),(191,'Spain',66),(192,'Sri Lanka',67),(193,'Sudan',68),(194,'Sweden',69),(195,'Switzerland',70),(196,'Germany',41),(197,'Thailand',20);
/*!40000 ALTER TABLE `state` ENABLE KEYS */;
UNLOCK TABLES;

--
-- Table structure for table `users`
--

DROP TABLE IF EXISTS `users`;
/*!40101 SET @saved_cs_client     = @@character_set_client */;
/*!40101 SET character_set_client = utf8 */;
CREATE TABLE `users` (
  `id` int(11) NOT NULL AUTO_INCREMENT,
  `username` varchar(150) DEFAULT NULL,
  `password` varchar(150) DEFAULT NULL,
  `fristname` varchar(150) DEFAULT NULL,
  `lastname` varchar(150) DEFAULT NULL,
  `email` varchar(150) DEFAULT NULL,
  PRIMARY KEY (`id`)
) ENGINE=InnoDB AUTO_INCREMENT=2 DEFAULT CHARSET=latin1;
/*!40101 SET character_set_client = @saved_cs_client */;

--
-- Dumping data for table `users`
--

LOCK TABLES `users` WRITE;
/*!40000 ALTER TABLE `users` DISABLE KEYS */;
INSERT INTO `users` VALUES (1,'admin','1234','demo','demo','admin@gmail.com');
/*!40000 ALTER TABLE `users` ENABLE KEYS */;
UNLOCK TABLES;
/*!40103 SET TIME_ZONE=@OLD_TIME_ZONE */;

/*!40101 SET SQL_MODE=@OLD_SQL_MODE */;
/*!40014 SET FOREIGN_KEY_CHECKS=@OLD_FOREIGN_KEY_CHECKS */;
/*!40014 SET UNIQUE_CHECKS=@OLD_UNIQUE_CHECKS */;
/*!40101 SET CHARACTER_SET_CLIENT=@OLD_CHARACTER_SET_CLIENT */;
/*!40101 SET CHARACTER_SET_RESULTS=@OLD_CHARACTER_SET_RESULTS */;
/*!40101 SET COLLATION_CONNECTION=@OLD_COLLATION_CONNECTION */;
/*!40111 SET SQL_NOTES=@OLD_SQL_NOTES */;

